channel,reason,ref
5StarMax.us,dmca,https://github.com/iptv-org/iptv/issues/16839
6eren.dk,dmca,https://github.com/iptv-org/iptv/issues/16839
9Rush.au,dmca,https://github.com/iptv-org/iptv/issues/16839
A2CNN.al,dmca,https://github.com/iptv-org/iptv/issues/16839
ABCSpark.ca,dmca,https://github.com/iptv-org/iptv/pull/6329
AdithyaTV.in,dmca,https://github.com/iptv-org/iptv/issues/34901
AdultSwim.ca,dmca,https://github.com/iptv-org/iptv/issues/16839
AdultSwim.fr,dmca,https://github.com/iptv-org/iptv/issues/16839
AdultSwim.us,dmca,https://github.com/iptv-org/iptv/issues/16839
AdultSwimAquaTeenHungerForce.us,dmca,https://github.com/iptv-org/iptv/issues/16839
AdultSwimBlackJesus.us,dmca,https://github.com/iptv-org/iptv/issues/16839
AdultSwimChannel5.us,dmca,https://github.com/iptv-org/iptv/issues/16839
AdultSwimDreamCorpLLC.us,dmca,https://github.com/iptv-org/iptv/issues/16839
AdultSwimInfomercials.us,dmca,https://github.com/iptv-org/iptv/issues/16839
AdultSwimLastStreamOnTheLeft.us,dmca,https://github.com/iptv-org/iptv/issues/16839
AdultSwimMetalocalypse.us,dmca,https://github.com/iptv-org/iptv/issues/16839
AdultSwimOffTheAir.us,dmca,https://github.com/iptv-org/iptv/issues/16839
AdultSwimPrimal.us,dmca,https://github.com/iptv-org/iptv/issues/16839
AdultSwimRickandMorty.us,dmca,https://github.com/iptv-org/iptv/issues/16839
AdultSwimRobotChicken.us,dmca,https://github.com/iptv-org/iptv/issues/16839
AdultSwimSamuraiJack.us,dmca,https://github.com/iptv-org/iptv/issues/16839
AdultSwimTheEricAndreShow.us,dmca,https://github.com/iptv-org/iptv/issues/16839
AdultSwimTheVentureBros.us,dmca,https://github.com/iptv-org/iptv/issues/16839
AdultSwimYourPrettyFaceIsGoingToHell.us,dmca,https://github.com/iptv-org/iptv/issues/16839
AleKinoPlus.pl,dmca,https://github.com/iptv-org/iptv/issues/16839
AmericanHeroesChannel.us,dmca,https://github.com/iptv-org/iptv/issues/16839
AnimalPlanet.au,dmca,https://github.com/iptv-org/iptv/issues/1831
AnimalPlanet.br,dmca,https://github.com/iptv-org/iptv/issues/16839
AnimalPlanet.br,dmca,https://github.com/iptv-org/iptv/issues/1831
AnimalPlanet.ca,dmca,https://github.com/iptv-org/iptv/issues/1831
AnimalPlanet.de,dmca,https://github.com/iptv-org/iptv/issues/16839
AnimalPlanet.de,dmca,https://github.com/iptv-org/iptv/issues/1831
AnimalPlanet.in,dmca,https://github.com/iptv-org/iptv/issues/16839
AnimalPlanet.in,dmca,https://github.com/iptv-org/iptv/issues/1831
AnimalPlanet.jp,dmca,https://github.com/iptv-org/iptv/issues/1831
AnimalPlanet.nl,dmca,https://github.com/iptv-org/iptv/issues/16839
AnimalPlanet.nl,dmca,https://github.com/iptv-org/iptv/issues/1831
AnimalPlanet.pl,dmca,https://github.com/iptv-org/iptv/issues/16839
AnimalPlanet.pl,dmca,https://github.com/iptv-org/iptv/issues/1831
AnimalPlanet.ru,dmca,https://github.com/iptv-org/iptv/issues/16839
AnimalPlanet.ru,dmca,https://github.com/iptv-org/iptv/issues/1831
AnimalPlanet.tr,dmca,https://github.com/iptv-org/iptv/issues/16839
AnimalPlanet.tr,dmca,https://github.com/iptv-org/iptv/issues/1831
AnimalPlanet.tw,dmca,https://github.com/iptv-org/iptv/issues/1831
AnimalPlanet.uk,dmca,https://github.com/iptv-org/iptv/issues/16839
AnimalPlanet.uk,dmca,https://github.com/iptv-org/iptv/issues/1831
AnimalPlanet.us,dmca,https://github.com/iptv-org/iptv/issues/16839
AnimalPlanet.us,dmca,https://github.com/iptv-org/iptv/issues/1831
AnimalPlanetEurope.uk,dmca,https://github.com/iptv-org/iptv/issues/16839
AnimalPlanetEurope.uk,dmca,https://github.com/iptv-org/iptv/issues/1831
AnimalPlanetLatinAmerica.us,dmca,https://github.com/iptv-org/iptv/issues/16839
AnimalPlanetLatinAmerica.us,dmca,https://github.com/iptv-org/iptv/issues/1831
AnimalPlanetNordic.uk,dmca,https://github.com/iptv-org/iptv/issues/16839
AnimalPlanetNordic.uk,dmca,https://github.com/iptv-org/iptv/issues/1831
AnimalPlanetSoutheastAsia.sg,dmca,https://github.com/iptv-org/iptv/issues/16839
AnimalPlanetSoutheastAsia.sg,dmca,https://github.com/iptv-org/iptv/issues/1831
Antena3CNN.ro,dmca,https://github.com/iptv-org/iptv/issues/16839
Arena4.hu,dmca,https://github.com/github/dmca/blob/master/2020/09/2020-09-16-dfl.md
AsianFoodNetwork.sg,dmca,https://github.com/iptv-org/iptv/issues/16839
AsianFoodNetwork.sg,dmca,https://github.com/iptv-org/iptv/issues/1831
AsianFoodNetwork.tw,dmca,https://github.com/iptv-org/iptv/issues/16839
AsianFoodNetwork.tw,dmca,https://github.com/iptv-org/iptv/issues/1831
AstroAEC.my,dmca,https://github.com/iptv-org/iptv/issues/26363
AstroAOD.my,dmca,https://github.com/iptv-org/iptv/issues/26363
AstroAOD311.my,dmca,https://github.com/iptv-org/iptv/issues/26363
AstroAOD352.my,dmca,https://github.com/iptv-org/iptv/issues/26363
AstroAOD353.my,dmca,https://github.com/iptv-org/iptv/issues/26363
AstroAOD354.my,dmca,https://github.com/iptv-org/iptv/issues/26363
AstroAOD355.my,dmca,https://github.com/iptv-org/iptv/issues/26363
AstroArena.my,dmca,https://github.com/iptv-org/iptv/issues/26363
AstroArena2.my,dmca,https://github.com/iptv-org/iptv/issues/26363
AstroAura.my,dmca,https://github.com/iptv-org/iptv/issues/26363
AstroAwani.my,dmca,https://github.com/iptv-org/iptv/issues/26363
AstroBollyOneHD.my,dmca,https://github.com/iptv-org/iptv/issues/26363
AstroBoxOfficeTayanganHebat.my,dmca,https://github.com/iptv-org/iptv/issues/26363
AstroBoxOfficeThangathirai.my,dmca,https://github.com/iptv-org/iptv/issues/26363
AstroCeria.my,dmca,https://github.com/iptv-org/iptv/issues/26363
AstroCh100.my,dmca,https://github.com/iptv-org/iptv/issues/26363
AstroCitra.my,dmca,https://github.com/iptv-org/iptv/issues/26363
AstroCricket.my,dmca,https://github.com/iptv-org/iptv/issues/26363
AstroFootball.my,dmca,https://github.com/iptv-org/iptv/issues/26363
AstroHuaHeeDai.my,dmca,https://github.com/iptv-org/iptv/issues/26363
AstroOasis.my,dmca,https://github.com/iptv-org/iptv/issues/26363
AstroPremierLeague.my,dmca,https://github.com/iptv-org/iptv/issues/26363
AstroPremierLeague.my,dmca,https://github.com/iptv-org/iptv/issues/6973
AstroPremierLeague2.my,dmca,https://github.com/iptv-org/iptv/issues/26363
AstroPremierLeague2.my,dmca,https://github.com/iptv-org/iptv/issues/6973
AstroPremierLeague3.my,dmca,https://github.com/iptv-org/iptv/issues/26363
AstroPremierLeague3.my,dmca,https://github.com/iptv-org/iptv/issues/6973
AstroPrima.my,dmca,https://github.com/iptv-org/iptv/issues/26363
AstroQJ.my,dmca,https://github.com/iptv-org/iptv/issues/26363
AstroRania.my,dmca,https://github.com/iptv-org/iptv/issues/26363
AstroRia.my,dmca,https://github.com/iptv-org/iptv/issues/26363
AstroSensasi.sg,dmca,https://github.com/iptv-org/iptv/issues/26363
AstroShuangXing.my,dmca,https://github.com/iptv-org/iptv/issues/26363
AstroSuperSport.my,dmca,https://github.com/iptv-org/iptv/issues/26363
AstroSuperSport2.my,dmca,https://github.com/iptv-org/iptv/issues/26363
AstroSuperSport3.my,dmca,https://github.com/iptv-org/iptv/issues/26363
AstroSuperSport4.my,dmca,https://github.com/iptv-org/iptv/issues/26363
AstroSuperSport5.my,dmca,https://github.com/iptv-org/iptv/issues/26363
AstroThangathirai.my,dmca,https://github.com/iptv-org/iptv/issues/26363
AstroTutorTVPT3.my,dmca,https://github.com/iptv-org/iptv/issues/26363
AstroTutorTVSPM.my,dmca,https://github.com/iptv-org/iptv/issues/26363
AstroTutorTVUPSR.my,dmca,https://github.com/iptv-org/iptv/issues/26363
AstroTVIQ.my,dmca,https://github.com/iptv-org/iptv/issues/26363
AstroUHD.my,dmca,https://github.com/iptv-org/iptv/issues/26363
AstroVaanavil.my,dmca,https://github.com/iptv-org/iptv/issues/26363
AstroVellithirai.my,dmca,https://github.com/iptv-org/iptv/issues/26363
AstroVinmeen.my,dmca,https://github.com/iptv-org/iptv/issues/26363
AstroWahLaiToi.my,dmca,https://github.com/iptv-org/iptv/issues/26363
AstroWarna.my,dmca,https://github.com/iptv-org/iptv/issues/26363
AstroXiaoTaiYang.my,dmca,https://github.com/iptv-org/iptv/issues/26363
ATTSportsNetPittsburgh.us,dmca,https://github.com/iptv-org/iptv/issues/16839
ATTSportsNetPittsburghAlternate.us,dmca,https://github.com/iptv-org/iptv/issues/16839
ATTSportsNetRockyMountain.us,dmca,https://github.com/iptv-org/iptv/issues/16839
ATTSportsNetRockyMountainUtah.us,dmca,https://github.com/iptv-org/iptv/issues/16839
ATTSportsNetRockyMountainWest.us,dmca,https://github.com/iptv-org/iptv/issues/16839
ATTSportsNetSouthwest.us,dmca,https://github.com/iptv-org/iptv/issues/16839
ATTSportsNetSouthwestAlternate.us,dmca,https://github.com/iptv-org/iptv/issues/16839
ATTSportsNetSouthwestHouston.us,dmca,https://github.com/iptv-org/iptv/issues/16839
ATTSportsNetSouthwestPlus.us,dmca,https://github.com/iptv-org/iptv/issues/16839
ATTSportsNetUtah.us,dmca,https://github.com/iptv-org/iptv/issues/16839
beINSports.qa,dmca,https://github.com/github/dmca/blob/master/2020/09/2020-09-16-dfl.md
beINSports1.qa,dmca,https://github.com/github/dmca/blob/master/2020/09/2020-09-16-dfl.md
beINSports2.qa,dmca,https://github.com/github/dmca/blob/master/2020/09/2020-09-16-dfl.md
beINSports3.qa,dmca,https://github.com/github/dmca/blob/master/2020/09/2020-09-16-dfl.md
beINSports4.qa,dmca,https://github.com/github/dmca/blob/master/2020/09/2020-09-16-dfl.md
beINSports5.qa,dmca,https://github.com/github/dmca/blob/master/2020/09/2020-09-16-dfl.md
beINSports6.qa,dmca,https://github.com/github/dmca/blob/master/2020/09/2020-09-16-dfl.md
beINSports7.qa,dmca,https://github.com/github/dmca/blob/master/2020/09/2020-09-16-dfl.md
beINSports8.qa,dmca,https://github.com/github/dmca/blob/master/2020/09/2020-09-16-dfl.md
beINSportsEnglish1.qa,dmca,https://github.com/github/dmca/blob/master/2020/09/2020-09-16-dfl.md
beINSportsEnglish2.qa,dmca,https://github.com/github/dmca/blob/master/2020/09/2020-09-16-dfl.md
beINSportsEnglish3.qa,dmca,https://github.com/github/dmca/blob/master/2020/09/2020-09-16-dfl.md
beINSportsFrench1.qa,dmca,https://github.com/github/dmca/blob/master/2020/09/2020-09-16-dfl.md
beINSportsFrench2.qa,dmca,https://github.com/github/dmca/blob/master/2020/09/2020-09-16-dfl.md
beINSportsFrench3.qa,dmca,https://github.com/github/dmca/blob/master/2020/09/2020-09-16-dfl.md
beINSportsMax1.qa,dmca,https://github.com/github/dmca/blob/master/2020/09/2020-09-16-dfl.md
beINSportsMax10.qa,dmca,https://github.com/github/dmca/blob/master/2020/09/2020-09-16-dfl.md
beINSportsMax2.qa,dmca,https://github.com/github/dmca/blob/master/2020/09/2020-09-16-dfl.md
beINSportsMax3.qa,dmca,https://github.com/github/dmca/blob/master/2020/09/2020-09-16-dfl.md
beINSportsMax4.qa,dmca,https://github.com/github/dmca/blob/master/2020/09/2020-09-16-dfl.md
beINSportsMax5.qa,dmca,https://github.com/github/dmca/blob/master/2020/09/2020-09-16-dfl.md
beINSportsMax6.qa,dmca,https://github.com/github/dmca/blob/master/2020/09/2020-09-16-dfl.md
beINSportsMax7.qa,dmca,https://github.com/github/dmca/blob/master/2020/09/2020-09-16-dfl.md
beINSportsMax8.qa,dmca,https://github.com/github/dmca/blob/master/2020/09/2020-09-16-dfl.md
beINSportsMax9.qa,dmca,https://github.com/github/dmca/blob/master/2020/09/2020-09-16-dfl.md
beINSportsPremium1.qa,dmca,https://github.com/github/dmca/blob/master/2020/09/2020-09-16-dfl.md
beINSportsPremium2.qa,dmca,https://github.com/github/dmca/blob/master/2020/09/2020-09-16-dfl.md
beINSportsPremium3.qa,dmca,https://github.com/github/dmca/blob/master/2020/09/2020-09-16-dfl.md
beINSportsXtra1.qa,dmca,https://github.com/github/dmca/blob/master/2020/09/2020-09-16-dfl.md
beINSportsXtra2.qa,dmca,https://github.com/github/dmca/blob/master/2020/09/2020-09-16-dfl.md
BetbigaPremierLeague.ng,dmca,https://github.com/iptv-org/iptv/issues/6973
BFBSSport.uk,dmca,https://github.com/iptv-org/iptv/issues/16839
Boing.es,dmca,https://github.com/iptv-org/iptv/issues/16839
Boing.fr,dmca,https://github.com/iptv-org/iptv/issues/16839
Boing.it,dmca,https://github.com/iptv-org/iptv/issues/16839
BoingAfrica.it,dmca,https://github.com/iptv-org/iptv/issues/16839
BoingPlus.it,dmca,https://github.com/iptv-org/iptv/issues/16839
Boomerang.au,dmca,https://github.com/iptv-org/iptv/issues/16839
Boomerang.de,dmca,https://github.com/iptv-org/iptv/issues/16839
Boomerang.fr,dmca,https://github.com/iptv-org/iptv/issues/16839
Boomerang.it,dmca,https://github.com/iptv-org/iptv/issues/16839
Boomerang.th,dmca,https://github.com/iptv-org/iptv/issues/16839
Boomerang.uk,dmca,https://github.com/iptv-org/iptv/issues/16839
Boomerang.us,dmca,https://github.com/iptv-org/iptv/issues/16839
BoomerangAsia.sg,dmca,https://github.com/iptv-org/iptv/issues/16839
BTSportMosaic.uk,dmca,https://github.com/iptv-org/iptv/issues/6973
BTSportMosaic2.uk,dmca,https://github.com/iptv-org/iptv/issues/6973
Canal9.dk,dmca,https://github.com/iptv-org/iptv/issues/16839
CanalPlus1.pl,dmca,https://github.com/iptv-org/iptv/issues/6973
CANALPlus360.pl,dmca,https://github.com/iptv-org/iptv/issues/16839
CanalPlus4KUltraHD.pl,dmca,https://github.com/iptv-org/iptv/issues/16839
CanalPlusDokument.pl,dmca,https://github.com/iptv-org/iptv/issues/16839
CanalPlusDomo.pl,dmca,https://github.com/iptv-org/iptv/issues/16839
CanalPlusExtra1.pl,dmca,https://github.com/iptv-org/iptv/issues/16839
CanalPlusExtra2.pl,dmca,https://github.com/iptv-org/iptv/issues/16839
CanalPlusExtra3.pl,dmca,https://github.com/iptv-org/iptv/issues/16839
CanalPlusExtra4.pl,dmca,https://github.com/iptv-org/iptv/issues/16839
CanalPlusExtra5.pl,dmca,https://github.com/iptv-org/iptv/issues/16839
CanalPlusExtra6.pl,dmca,https://github.com/iptv-org/iptv/issues/16839
CanalPlusExtra7.pl,dmca,https://github.com/iptv-org/iptv/issues/16839
CanalPlusFilm.pl,dmca,https://github.com/iptv-org/iptv/issues/16839
CanalPlusKuchnia.pl,dmca,https://github.com/iptv-org/iptv/issues/16839
CanalPlusNow.pl,dmca,https://github.com/iptv-org/iptv/issues/16839
CanalPlusPremierLeague.fr,dmca,https://github.com/iptv-org/iptv/issues/6973
CanalPlusPremium.pl,dmca,https://github.com/iptv-org/iptv/issues/6973
CanalPlusSeriale.pl,dmca,https://github.com/iptv-org/iptv/issues/16839
CanalPlusSport.pl,dmca,https://github.com/iptv-org/iptv/issues/6973
CanalPlusSport1.cz,dmca,https://github.com/iptv-org/iptv/issues/6973
CanalPlusSport2.pl,dmca,https://github.com/iptv-org/iptv/issues/16839
CanalPlusSport3.pl,dmca,https://github.com/iptv-org/iptv/issues/16839
CanalPlusSport4.pl,dmca,https://github.com/iptv-org/iptv/issues/16839
CanalPlusSport5.pl,dmca,https://github.com/iptv-org/iptv/issues/16839
Cartoonito.it,dmca,https://github.com/iptv-org/iptv/issues/16839
Cartoonito.pt,dmca,https://github.com/iptv-org/iptv/issues/16839
Cartoonito.uk,dmca,https://github.com/iptv-org/iptv/issues/16839
CartoonitoAsia.sg,dmca,https://github.com/iptv-org/iptv/issues/16839
CartoonitoCEE.uk,dmca,https://github.com/iptv-org/iptv/issues/16839
CartoonitoLatinAmerica.us,dmca,https://github.com/iptv-org/iptv/issues/16839
CartoonitoLive.br,dmca,https://github.com/iptv-org/iptv/issues/16839
CartoonitoLiveLatinAmerica.br,dmca,https://github.com/iptv-org/iptv/issues/16839
CartoonitoMENA.uk,dmca,https://github.com/iptv-org/iptv/issues/16839
CartoonitoNordic.uk,dmca,https://github.com/iptv-org/iptv/issues/16839
CartoonitoWesternEurope.uk,dmca,https://github.com/iptv-org/iptv/issues/16839
CartoonNetwork.au,dmca,https://github.com/iptv-org/iptv/issues/16839
CartoonNetwork.ca,dmca,https://github.com/iptv-org/iptv/pull/6329
CartoonNetwork.es,dmca,https://github.com/iptv-org/iptv/issues/16839
CartoonNetwork.in,dmca,https://github.com/iptv-org/iptv/issues/16839
CartoonNetwork.it,dmca,https://github.com/iptv-org/iptv/issues/16839
CartoonNetwork.jp,dmca,https://github.com/iptv-org/iptv/issues/16839
CartoonNetwork.kr,dmca,https://github.com/iptv-org/iptv/issues/16839
CartoonNetwork.ph,dmca,https://github.com/iptv-org/iptv/issues/16839
CartoonNetwork.pk,dmca,https://github.com/iptv-org/iptv/issues/16839
CartoonNetwork.tr,dmca,https://github.com/iptv-org/iptv/issues/16839
CartoonNetwork.tw,dmca,https://github.com/iptv-org/iptv/issues/16839
CartoonNetwork.uk,dmca,https://github.com/iptv-org/iptv/issues/16839
CartoonNetwork.us,dmca,https://github.com/iptv-org/iptv/issues/16839
CartoonNetworkAfrica.uk,dmca,https://github.com/iptv-org/iptv/issues/16839
CartoonNetworkArabic.ae,dmca,https://github.com/iptv-org/iptv/issues/16839
CartoonNetworkAsia.sg,dmca,https://github.com/iptv-org/iptv/issues/16839
CartoonNetworkCEE.uk,dmca,https://github.com/iptv-org/iptv/issues/16839
CartoonNetworkHDPlus.in,dmca,https://github.com/iptv-org/iptv/issues/16839
CartoonNetworkLatinAmerica.us,dmca,https://github.com/iptv-org/iptv/issues/16839
CartoonNetworkLive.br,dmca,https://github.com/iptv-org/iptv/issues/16839
CartoonNetworkLive2.br,dmca,https://github.com/iptv-org/iptv/issues/16839
CartoonNetworkLiveLatinAmerica.br,dmca,https://github.com/iptv-org/iptv/issues/16839
CartoonNetworkLiveLatinAmerica2.br,dmca,https://github.com/iptv-org/iptv/issues/16839
CartoonNetworkMENA.uk,dmca,https://github.com/iptv-org/iptv/issues/16839
CartoonNetworkWesternEurope.uk,dmca,https://github.com/iptv-org/iptv/issues/16839
ChintuTV.in,dmca,https://github.com/iptv-org/iptv/issues/34901
ChuttiTV.in,dmca,https://github.com/iptv-org/iptv/issues/34901
ChuttiTVMalaysia.my,dmca,https://github.com/iptv-org/iptv/issues/34901
Cinemax.br,dmca,https://github.com/iptv-org/iptv/issues/16839
Cinemax.cz,dmca,https://github.com/iptv-org/iptv/issues/16839
Cinemax.us,dmca,https://github.com/iptv-org/iptv/issues/16839
Cinemax2.cz,dmca,https://github.com/iptv-org/iptv/issues/16839
Cinemax2CentralEurope.hu,dmca,https://github.com/iptv-org/iptv/issues/16839
CinemaxAsia.sg,dmca,https://github.com/iptv-org/iptv/issues/16839
CinemaxCentralEurope.hu,dmca,https://github.com/iptv-org/iptv/issues/16839
CinemaxLatinAmerica.us,dmca,https://github.com/iptv-org/iptv/issues/16839
CinemaxLatino.us,dmca,https://github.com/iptv-org/iptv/issues/16839
CMT.ca,dmca,https://github.com/iptv-org/iptv/pull/6329
CNN.us,dmca,https://github.com/iptv-org/iptv/issues/16839
CNNAirport.us,dmca,https://github.com/iptv-org/iptv/issues/16839
CNNArabic.ae,dmca,https://github.com/iptv-org/iptv/issues/16839
CNNBanglaTV.bd,dmca,https://github.com/iptv-org/iptv/issues/16839
CNNBrasil.br,dmca,https://github.com/iptv-org/iptv/issues/16839
CNNCheckoutChannel.us,dmca,https://github.com/iptv-org/iptv/issues/16839
CNNChile.cl,dmca,https://github.com/iptv-org/iptv/issues/16839
CNNenEspanol.us,dmca,https://github.com/iptv-org/iptv/issues/16839
CNNHeadlines.us,dmca,https://github.com/iptv-org/iptv/issues/16839
CNNIndonesia.id,dmca,https://github.com/iptv-org/iptv/issues/16839
CNNInternational.us,dmca,https://github.com/iptv-org/iptv/issues/16839
CNNj.jp,dmca,https://github.com/iptv-org/iptv/issues/16839
CNNNews18.in,dmca,https://github.com/iptv-org/iptv/issues/16839
CNNOriginals.us,dmca,https://github.com/iptv-org/iptv/issues/16839
CNNPakistan.pk,dmca,https://github.com/iptv-org/iptv/issues/16839
CNNPortugal.pt,dmca,https://github.com/iptv-org/iptv/issues/16839
CNNRePlay.us,dmca,https://github.com/iptv-org/iptv/issues/16839
CNNTurk.tr,dmca,https://github.com/iptv-org/iptv/issues/16839
CNNXpress.us,dmca,https://github.com/iptv-org/iptv/issues/16839
CookingChannel.ca,dmca,https://github.com/iptv-org/iptv/issues/1831
CookingChannel.ca,dmca,https://github.com/iptv-org/iptv/pull/6329
CookingChannel.us,dmca,https://github.com/iptv-org/iptv/issues/16839
CookingChannel.us,dmca,https://github.com/iptv-org/iptv/issues/1831
CrimePlusInvestigation.ca,dmca,https://github.com/iptv-org/iptv/pull/6329
CSFilm.cz,dmca,https://github.com/iptv-org/iptv/issues/28801
CSHistory.cz,dmca,https://github.com/iptv-org/iptv/issues/28801
CSHorror.cz,dmca,https://github.com/iptv-org/iptv/issues/28801
CSMystery.cz,dmca,https://github.com/iptv-org/iptv/issues/28801
DAZN1.uk,dmca,https://github.com/github/dmca/blob/master/2020/09/2020-09-16-dfl.md
DAZN2.uk,dmca,https://github.com/github/dmca/blob/master/2020/09/2020-09-16-dfl.md
DAZN3.uk,dmca,https://github.com/github/dmca/blob/master/2020/09/2020-09-16-dfl.md
DAZN4.uk,dmca,https://github.com/github/dmca/blob/master/2020/09/2020-09-16-dfl.md
DAZN5.uk,dmca,https://github.com/github/dmca/blob/master/2020/09/2020-09-16-dfl.md
DAZN6.uk,dmca,https://github.com/github/dmca/blob/master/2020/09/2020-09-16-dfl.md
DAZNF1.uk,dmca,https://github.com/github/dmca/blob/master/2020/09/2020-09-16-dfl.md
DAZNLaLiga.uk,dmca,https://github.com/github/dmca/blob/master/2020/09/2020-09-16-dfl.md
DAZNLaLiga2.uk,dmca,https://github.com/github/dmca/blob/master/2020/09/2020-09-16-dfl.md
DAZNLaLiga3.uk,dmca,https://github.com/github/dmca/blob/master/2020/09/2020-09-16-dfl.md
DAZNLaLiga4.uk,dmca,https://github.com/github/dmca/blob/master/2020/09/2020-09-16-dfl.md
DAZNLaLiga5.uk,dmca,https://github.com/github/dmca/blob/master/2020/09/2020-09-16-dfl.md
DAZNProLeague1.uk,dmca,https://github.com/github/dmca/blob/master/2020/09/2020-09-16-dfl.md
DAZNProLeague2.uk,dmca,https://github.com/github/dmca/blob/master/2020/09/2020-09-16-dfl.md
DAZNProLeague3.uk,dmca,https://github.com/github/dmca/blob/master/2020/09/2020-09-16-dfl.md
DejaView.ca,dmca,https://github.com/iptv-org/iptv/pull/6329
DestinationAmerica.us,dmca,https://github.com/iptv-org/iptv/issues/16839
DiemaSport.bg,dmca,https://github.com/github/dmca/blob/master/2020/09/2020-09-16-dfl.md
DiemaSport2.bg,dmca,https://github.com/github/dmca/blob/master/2020/09/2020-09-16-dfl.md
DiemaSport24K.bg,dmca,https://github.com/github/dmca/blob/master/2020/09/2020-09-16-dfl.md
DiemaSport3.bg,dmca,https://github.com/github/dmca/blob/master/2020/09/2020-09-16-dfl.md
DiemaSport34K.bg,dmca,https://github.com/github/dmca/blob/master/2020/09/2020-09-16-dfl.md
Discovery.de,dmca,https://github.com/iptv-org/iptv/issues/16839
DiscoveryAsia.sg,dmca,https://github.com/iptv-org/iptv/issues/16839
DiscoveryAsia.sg,dmca,https://github.com/iptv-org/iptv/issues/1831
DiscoveryAsiaTaiwan.tw,dmca,https://github.com/iptv-org/iptv/issues/16839
DiscoveryAsiaTaiwan.tw,dmca,https://github.com/iptv-org/iptv/issues/1831
DiscoveryChannel.au,dmca,https://github.com/iptv-org/iptv/issues/16839
DiscoveryChannel.au,dmca,https://github.com/iptv-org/iptv/issues/1831
DiscoveryChannel.be,dmca,https://github.com/iptv-org/iptv/issues/16839
DiscoveryChannel.be,dmca,https://github.com/iptv-org/iptv/issues/1831
DiscoveryChannel.bg,dmca,https://github.com/iptv-org/iptv/issues/16839
DiscoveryChannel.bg,dmca,https://github.com/iptv-org/iptv/issues/1831
DiscoveryChannel.ca,dmca,https://github.com/iptv-org/iptv/issues/1831
DiscoveryChannel.de,dmca,https://github.com/iptv-org/iptv/issues/16839
DiscoveryChannel.de,dmca,https://github.com/iptv-org/iptv/issues/1831
DiscoveryChannel.dk,dmca,https://github.com/iptv-org/iptv/issues/16839
DiscoveryChannel.dk,dmca,https://github.com/iptv-org/iptv/issues/1831
DiscoveryChannel.ee,dmca,https://github.com/iptv-org/iptv/issues/16839
DiscoveryChannel.ee,dmca,https://github.com/iptv-org/iptv/issues/1831
DiscoveryChannel.es,dmca,https://github.com/iptv-org/iptv/issues/16839
DiscoveryChannel.es,dmca,https://github.com/iptv-org/iptv/issues/1831
DiscoveryChannel.fi,dmca,https://github.com/iptv-org/iptv/issues/16839
DiscoveryChannel.fi,dmca,https://github.com/iptv-org/iptv/issues/1831
DiscoveryChannel.fr,dmca,https://github.com/iptv-org/iptv/issues/16839
DiscoveryChannel.fr,dmca,https://github.com/iptv-org/iptv/issues/1831
DiscoveryChannel.hu,dmca,https://github.com/iptv-org/iptv/issues/16839
DiscoveryChannel.hu,dmca,https://github.com/iptv-org/iptv/issues/1831
DiscoveryChannel.id,dmca,https://github.com/iptv-org/iptv/issues/16839
DiscoveryChannel.id,dmca,https://github.com/iptv-org/iptv/issues/1831
DiscoveryChannel.in,dmca,https://github.com/iptv-org/iptv/issues/16839
DiscoveryChannel.in,dmca,https://github.com/iptv-org/iptv/issues/1831
DiscoveryChannel.it,dmca,https://github.com/iptv-org/iptv/issues/16839
DiscoveryChannel.it,dmca,https://github.com/iptv-org/iptv/issues/1831
DiscoveryChannel.lv,dmca,https://github.com/iptv-org/iptv/issues/16839
DiscoveryChannel.lv,dmca,https://github.com/iptv-org/iptv/issues/1831
DiscoveryChannel.nl,dmca,https://github.com/iptv-org/iptv/issues/16839
DiscoveryChannel.nl,dmca,https://github.com/iptv-org/iptv/issues/1831
DiscoveryChannel.no,dmca,https://github.com/iptv-org/iptv/issues/16839
DiscoveryChannel.no,dmca,https://github.com/iptv-org/iptv/issues/1831
DiscoveryChannel.nz,dmca,https://github.com/iptv-org/iptv/issues/16839
DiscoveryChannel.nz,dmca,https://github.com/iptv-org/iptv/issues/1831
DiscoveryChannel.pl,dmca,https://github.com/iptv-org/iptv/issues/16839
DiscoveryChannel.pl,dmca,https://github.com/iptv-org/iptv/issues/1831
DiscoveryChannel.pt,dmca,https://github.com/iptv-org/iptv/issues/16839
DiscoveryChannel.pt,dmca,https://github.com/iptv-org/iptv/issues/1831
DiscoveryChannel.ro,dmca,https://github.com/iptv-org/iptv/issues/1831
DiscoveryChannel.rs,dmca,https://github.com/iptv-org/iptv/issues/16839
DiscoveryChannel.rs,dmca,https://github.com/iptv-org/iptv/issues/1831
DiscoveryChannel.ru,dmca,https://github.com/iptv-org/iptv/issues/16839
DiscoveryChannel.ru,dmca,https://github.com/iptv-org/iptv/issues/1831
DiscoveryChannel.se,dmca,https://github.com/iptv-org/iptv/issues/16839
DiscoveryChannel.se,dmca,https://github.com/iptv-org/iptv/issues/1831
DiscoveryChannel.si,dmca,https://github.com/iptv-org/iptv/issues/16839
DiscoveryChannel.si,dmca,https://github.com/iptv-org/iptv/issues/1831
DiscoveryChannel.tr,dmca,https://github.com/iptv-org/iptv/issues/16839
DiscoveryChannel.tr,dmca,https://github.com/iptv-org/iptv/issues/1831
DiscoveryChannel.uk,dmca,https://github.com/iptv-org/iptv/issues/16839
DiscoveryChannel.uk,dmca,https://github.com/iptv-org/iptv/issues/1831
DiscoveryChannel.us,dmca,https://github.com/iptv-org/iptv/issues/16839
DiscoveryChannel.us,dmca,https://github.com/iptv-org/iptv/issues/1831
DiscoveryChannelEurope.uk,dmca,https://github.com/iptv-org/iptv/issues/16839
DiscoveryChannelLatinAmerica.us,dmca,https://github.com/iptv-org/iptv/issues/16839
DiscoveryChannelLatinAmerica.us,dmca,https://github.com/iptv-org/iptv/issues/1831
DiscoveryChannelMiddleEastAfrica.us,dmca,https://github.com/iptv-org/iptv/issues/16839
DiscoveryChannelMiddleEastAfrica.us,dmca,https://github.com/iptv-org/iptv/issues/1831
DiscoveryChannelSoutheastAsia.sg,dmca,https://github.com/iptv-org/iptv/issues/16839
DiscoveryChannelSoutheastAsia.sg,dmca,https://github.com/iptv-org/iptv/issues/1831
DiscoveryCivilization.br,dmca,https://github.com/iptv-org/iptv/issues/16839
DiscoveryCivilization.br,dmca,https://github.com/iptv-org/iptv/issues/1831
DiscoveryCivilizationLatinAmerica.us,dmca,https://github.com/iptv-org/iptv/issues/16839
DiscoveryCivilizationLatinAmerica.us,dmca,https://github.com/iptv-org/iptv/issues/1831
DiscoveryenEspanol.us,dmca,https://github.com/iptv-org/iptv/issues/16839
DiscoveryenEspanol.us,dmca,https://github.com/iptv-org/iptv/issues/1831
DiscoveryFamilia.us,dmca,https://github.com/iptv-org/iptv/issues/16839
DiscoveryFamilia.us,dmca,https://github.com/iptv-org/iptv/issues/1831
DiscoveryFamily.us,dmca,https://github.com/iptv-org/iptv/issues/16839
DiscoveryFamily.us,dmca,https://github.com/iptv-org/iptv/issues/1831
DiscoveryFamilyAfrica.us,dmca,https://github.com/iptv-org/iptv/issues/16839
DiscoveryFamilyAfrica.us,dmca,https://github.com/iptv-org/iptv/issues/1831
DiscoveryHistoria.pl,dmca,https://github.com/iptv-org/iptv/issues/16839
DiscoveryHistoria.pl,dmca,https://github.com/iptv-org/iptv/issues/1831
DiscoveryHistory.uk,dmca,https://github.com/iptv-org/iptv/issues/16839
DiscoveryHistory.uk,dmca,https://github.com/iptv-org/iptv/issues/1831
DiscoveryHomeHealthLatinAmerica.mx,dmca,https://github.com/iptv-org/iptv/issues/16839
DiscoveryHomeHealthLatinAmerica.mx,dmca,https://github.com/iptv-org/iptv/issues/1831
DiscoveryKids.au,dmca,https://github.com/iptv-org/iptv/issues/16839
DiscoveryKids.ca,dmca,https://github.com/iptv-org/iptv/pull/6329
DiscoveryKids.in,dmca,https://github.com/iptv-org/iptv/issues/16839
DiscoveryKids.in,dmca,https://github.com/iptv-org/iptv/issues/1831
DiscoveryKidsLatinAmerica.us,dmca,https://github.com/iptv-org/iptv/issues/16839
DiscoveryKidsLatinAmerica.us,dmca,https://github.com/iptv-org/iptv/issues/1831
DiscoveryKidsLive.br,dmca,https://github.com/iptv-org/iptv/issues/16839
DiscoveryKidsLiveLatinAmerica.br,dmca,https://github.com/iptv-org/iptv/issues/16839
DiscoveryLife.pl,dmca,https://github.com/iptv-org/iptv/issues/16839
DiscoveryLife.pl,dmca,https://github.com/iptv-org/iptv/issues/1831
DiscoveryLife.us,dmca,https://github.com/iptv-org/iptv/issues/16839
DiscoveryLife.us,dmca,https://github.com/iptv-org/iptv/issues/1831
DiscoveryPlusExtra1.se,dmca,https://github.com/iptv-org/iptv/issues/16839
DiscoveryPlusExtra1.se,dmca,https://github.com/iptv-org/iptv/issues/1831
DiscoveryPlusExtra2.se,dmca,https://github.com/iptv-org/iptv/issues/16839
DiscoveryPlusExtra2.se,dmca,https://github.com/iptv-org/iptv/issues/1831
DiscoveryPlusExtra3.se,dmca,https://github.com/iptv-org/iptv/issues/16839
DiscoveryPlusExtra3.se,dmca,https://github.com/iptv-org/iptv/issues/1831
DiscoveryPlusExtra4.se,dmca,https://github.com/iptv-org/iptv/issues/16839
DiscoveryPlusExtra4.se,dmca,https://github.com/iptv-org/iptv/issues/1831
DiscoveryPlusExtra5.se,dmca,https://github.com/iptv-org/iptv/issues/16839
DiscoveryPlusExtra5.se,dmca,https://github.com/iptv-org/iptv/issues/1831
DiscoveryPlusExtra6.se,dmca,https://github.com/iptv-org/iptv/issues/16839
DiscoveryPlusExtra6.se,dmca,https://github.com/iptv-org/iptv/issues/1831
DiscoveryPlusExtra7.se,dmca,https://github.com/iptv-org/iptv/issues/16839
DiscoveryPlusExtra7.se,dmca,https://github.com/iptv-org/iptv/issues/1831
DiscoveryPlusExtra8.se,dmca,https://github.com/iptv-org/iptv/issues/16839
DiscoveryPlusExtra8.se,dmca,https://github.com/iptv-org/iptv/issues/1831
DiscoveryScience.ca,dmca,https://github.com/iptv-org/iptv/issues/1831
DiscoveryScience.in,dmca,https://github.com/iptv-org/iptv/issues/16839
DiscoveryScience.in,dmca,https://github.com/iptv-org/iptv/issues/1831
DiscoveryScience.us,dmca,https://github.com/iptv-org/iptv/issues/16839
DiscoveryScience.us,dmca,https://github.com/iptv-org/iptv/issues/1831
DiscoveryScienceEurope.uk,dmca,https://github.com/iptv-org/iptv/issues/16839
DiscoveryScienceLatinAmerica.us,dmca,https://github.com/iptv-org/iptv/issues/16839
DiscoveryScienceLatinAmerica.us,dmca,https://github.com/iptv-org/iptv/issues/1831
DiscoveryScienceMiddleEast.uk,dmca,https://github.com/iptv-org/iptv/issues/16839
DiscoveryScienceMiddleEast.uk,dmca,https://github.com/iptv-org/iptv/issues/1831
DiscoveryScienceSoutheastAsia.sg,dmca,https://github.com/iptv-org/iptv/issues/16839
DiscoveryScienceSoutheastAsia.sg,dmca,https://github.com/iptv-org/iptv/issues/1831
DiscoveryTheater.br,dmca,https://github.com/iptv-org/iptv/issues/16839
DiscoveryTheater.br,dmca,https://github.com/iptv-org/iptv/issues/1831
DiscoveryTheaterLatinAmerica.us,dmca,https://github.com/iptv-org/iptv/issues/16839
DiscoveryTheaterLatinAmerica.us,dmca,https://github.com/iptv-org/iptv/issues/1831
DiscoveryTourismGuyana.us,dmca,https://github.com/iptv-org/iptv/issues/16839
DiscoveryTurbo.au,dmca,https://github.com/iptv-org/iptv/issues/16839
DiscoveryTurbo.au,dmca,https://github.com/iptv-org/iptv/issues/1831
DiscoveryTurbo.in,dmca,https://github.com/iptv-org/iptv/issues/16839
DiscoveryTurbo.in,dmca,https://github.com/iptv-org/iptv/issues/1831
DiscoveryTurbo.jp,dmca,https://github.com/iptv-org/iptv/issues/16839
DiscoveryTurbo.jp,dmca,https://github.com/iptv-org/iptv/issues/1831
DiscoveryTurbo.uk,dmca,https://github.com/iptv-org/iptv/issues/16839
DiscoveryTurbo.uk,dmca,https://github.com/iptv-org/iptv/issues/1831
DiscoveryTurboLatinAmerica.us,dmca,https://github.com/iptv-org/iptv/issues/16839
DiscoveryTurboLatinAmerica.us,dmca,https://github.com/iptv-org/iptv/issues/1831
DiscoveryUltra.ru,dmca,https://github.com/iptv-org/iptv/issues/16839
DiscoveryUltra.ru,dmca,https://github.com/iptv-org/iptv/issues/1831
DiscoveryVelocity.ca,dmca,https://github.com/iptv-org/iptv/issues/1831
DiscoveryWorld.us,dmca,https://github.com/iptv-org/iptv/issues/16839
DiscoveryWorld.us,dmca,https://github.com/iptv-org/iptv/issues/1831
DisneyChannel.ca,dmca,https://github.com/iptv-org/iptv/pull/6329
DisneyJunior.ca,dmca,https://github.com/iptv-org/iptv/pull/6329
DisneyXD.ca,dmca,https://github.com/iptv-org/iptv/pull/6329
DKISS.es,dmca,https://github.com/iptv-org/iptv/issues/1831
DMAX.de,dmca,https://github.com/iptv-org/iptv/issues/16839
DMAX.de,dmca,https://github.com/iptv-org/iptv/issues/1831
DMAX.es,dmca,https://github.com/iptv-org/iptv/issues/16839
DMAX.es,dmca,https://github.com/iptv-org/iptv/issues/1831
DMAX.it,dmca,https://github.com/iptv-org/iptv/issues/16839
DMAX.it,dmca,https://github.com/iptv-org/iptv/issues/1831
DMAX.tr,dmca,https://github.com/iptv-org/iptv/issues/16839
DMAX.tr,dmca,https://github.com/iptv-org/iptv/issues/1831
DMAX.uk,dmca,https://github.com/iptv-org/iptv/issues/16839
DMAX.uk,dmca,https://github.com/iptv-org/iptv/issues/1831
DMAXMENA.ae,dmca,https://github.com/iptv-org/iptv/issues/16839
DMAXSoutheastAsia.sg,dmca,https://github.com/iptv-org/iptv/issues/16839
DMAXSoutheastAsia.sg,dmca,https://github.com/iptv-org/iptv/issues/1831
DTamil.in,dmca,https://github.com/iptv-org/iptv/issues/16839
DTour.ca,dmca,https://github.com/iptv-org/iptv/pull/6329
DTX.cz,dmca,https://github.com/iptv-org/iptv/issues/16839
DTX.hu,dmca,https://github.com/iptv-org/iptv/issues/16839
DTX.pl,dmca,https://github.com/iptv-org/iptv/issues/16839
DTX.ru,dmca,https://github.com/iptv-org/iptv/issues/16839
DTXHD.si,dmca,https://github.com/iptv-org/iptv/issues/16839
ElevenSports1.pl,dmca,https://github.com/github/dmca/blob/master/2020/09/2020-09-16-dfl.md
ElevenSports14K.pl,dmca,https://github.com/github/dmca/blob/master/2020/09/2020-09-16-dfl.md
ElevenSports2.pl,dmca,https://github.com/github/dmca/blob/master/2020/09/2020-09-16-dfl.md
ElevenSports3.pl,dmca,https://github.com/github/dmca/blob/master/2020/09/2020-09-16-dfl.md
ElevenSports4.pl,dmca,https://github.com/github/dmca/blob/master/2020/09/2020-09-16-dfl.md
ESPN.au,dmca,https://github.com/github/dmca/blob/master/2020/09/2020-09-16-dfl.md
ESPN.us,dmca,https://github.com/github/dmca/blob/master/2020/09/2020-09-16-dfl.md
ESPN2.us,dmca,https://github.com/github/dmca/blob/master/2020/09/2020-09-16-dfl.md
ESPN2LatinAmerica.us,dmca,https://github.com/github/dmca/blob/master/2020/09/2020-09-16-dfl.md
ESPN3LatinAmerica.us,dmca,https://github.com/github/dmca/blob/master/2020/09/2020-09-16-dfl.md
ESPN4LatinAmerica.us,dmca,https://github.com/github/dmca/blob/master/2020/09/2020-09-16-dfl.md
ESPN5LatinAmerica.us,dmca,https://github.com/github/dmca/blob/master/2020/09/2020-09-16-dfl.md
ESPN6LatinAmerica.us,dmca,https://github.com/github/dmca/blob/master/2020/09/2020-09-16-dfl.md
ESPN7LatinAmerica.us,dmca,https://github.com/github/dmca/blob/master/2020/09/2020-09-16-dfl.md
ESPNLatinAmerica.us,dmca,https://github.com/github/dmca/blob/master/2020/09/2020-09-16-dfl.md
ESPNPremium.ar,dmca,https://github.com/github/dmca/blob/master/2020/09/2020-09-16-dfl.md
ESPNPremium.cl,dmca,https://github.com/github/dmca/blob/master/2020/09/2020-09-16-dfl.md
Eurosport.fr,dmca,https://github.com/iptv-org/iptv/issues/16839
Eurosport.in,dmca,https://github.com/iptv-org/iptv/issues/16839
Eurosport.in,dmca,https://github.com/iptv-org/iptv/issues/1831
Eurosport.no,dmca,https://github.com/iptv-org/iptv/issues/16839
Eurosport.no,dmca,https://github.com/iptv-org/iptv/issues/1831
Eurosport1.fr,dmca,https://github.com/iptv-org/iptv/issues/16839
Eurosport1.fr,dmca,https://github.com/iptv-org/iptv/issues/1831
Eurosport2.fr,dmca,https://github.com/iptv-org/iptv/issues/16839
Eurosport2.fr,dmca,https://github.com/iptv-org/iptv/issues/1831
Eurosport2Xtra.de,dmca,https://github.com/iptv-org/iptv/issues/16839
Eurosport2Xtra.de,dmca,https://github.com/iptv-org/iptv/issues/1831
Eurosport3.fr,dmca,https://github.com/iptv-org/iptv/issues/16839
Eurosport3.fr,dmca,https://github.com/iptv-org/iptv/issues/1831
Eurosport360HD1.fr,dmca,https://github.com/iptv-org/iptv/issues/16839
Eurosport360HD1.fr,dmca,https://github.com/iptv-org/iptv/issues/1831
Eurosport360HD2.fr,dmca,https://github.com/iptv-org/iptv/issues/16839
Eurosport360HD2.fr,dmca,https://github.com/iptv-org/iptv/issues/1831
Eurosport360HD3.fr,dmca,https://github.com/iptv-org/iptv/issues/16839
Eurosport360HD3.fr,dmca,https://github.com/iptv-org/iptv/issues/1831
Eurosport360HD4.fr,dmca,https://github.com/iptv-org/iptv/issues/16839
Eurosport360HD4.fr,dmca,https://github.com/iptv-org/iptv/issues/1831
Eurosport360HD5.fr,dmca,https://github.com/iptv-org/iptv/issues/16839
Eurosport360HD5.fr,dmca,https://github.com/iptv-org/iptv/issues/1831
Eurosport360HD6.fr,dmca,https://github.com/iptv-org/iptv/issues/16839
Eurosport360HD6.fr,dmca,https://github.com/iptv-org/iptv/issues/1831
Eurosport360HD7.fr,dmca,https://github.com/iptv-org/iptv/issues/16839
Eurosport360HD7.fr,dmca,https://github.com/iptv-org/iptv/issues/1831
Eurosport360HD8.fr,dmca,https://github.com/iptv-org/iptv/issues/16839
Eurosport360HD8.fr,dmca,https://github.com/iptv-org/iptv/issues/1831
Eurosport360HD9.fr,dmca,https://github.com/iptv-org/iptv/issues/16839
Eurosport360HD9.fr,dmca,https://github.com/iptv-org/iptv/issues/1831
Eurosport4.fr,dmca,https://github.com/iptv-org/iptv/issues/16839
Eurosport4.fr,dmca,https://github.com/iptv-org/iptv/issues/1831
Eurosport4K.fr,dmca,https://github.com/iptv-org/iptv/issues/16839
Eurosport4K.fr,dmca,https://github.com/iptv-org/iptv/issues/1831
Eurosport5.fr,dmca,https://github.com/iptv-org/iptv/issues/16839
Eurosport5.fr,dmca,https://github.com/iptv-org/iptv/issues/1831
Eurosport6.fr,dmca,https://github.com/iptv-org/iptv/issues/16839
Eurosport6.fr,dmca,https://github.com/iptv-org/iptv/issues/1831
Eurosport7.fr,dmca,https://github.com/iptv-org/iptv/issues/16839
Eurosport7.fr,dmca,https://github.com/iptv-org/iptv/issues/1831
Eurosport8.fr,dmca,https://github.com/iptv-org/iptv/issues/16839
Eurosport8.fr,dmca,https://github.com/iptv-org/iptv/issues/1831
Eurosport9.fr,dmca,https://github.com/iptv-org/iptv/issues/16839
Eurosport9.fr,dmca,https://github.com/iptv-org/iptv/issues/1831
EurosportGold.ru,dmca,https://github.com/iptv-org/iptv/issues/16839
EVE.us,dmca,https://github.com/iptv-org/iptv/issues/1831
EVETaiwan.tw,dmca,https://github.com/iptv-org/iptv/issues/1831
Fatafeat.ae,dmca,https://github.com/iptv-org/iptv/issues/16839
Fatafeat.ae,dmca,https://github.com/iptv-org/iptv/issues/1831
FEM.no,dmca,https://github.com/iptv-org/iptv/issues/16839
FEM.no,dmca,https://github.com/iptv-org/iptv/issues/1831
Focus.it,dmca,https://github.zendesk.com/attachments/token/FL9J24PDKdm0zzJJ3tKyXonmA/?name=2022-02-01-nagra.rtf
FoodNetwork.ca,dmca,https://github.com/iptv-org/iptv/issues/1831
FoodNetwork.hu,dmca,https://github.com/iptv-org/iptv/issues/1831
FoodNetwork.it,dmca,https://github.com/iptv-org/iptv/issues/16839
FoodNetwork.it,dmca,https://github.com/iptv-org/iptv/issues/1831
FoodNetwork.nz,dmca,https://github.com/iptv-org/iptv/issues/1831
FoodNetwork.pl,dmca,https://github.com/iptv-org/iptv/issues/1831
FoodNetwork.ro,dmca,https://github.com/iptv-org/iptv/issues/1831
FoodNetwork.tw,dmca,https://github.com/iptv-org/iptv/issues/1831
FoodNetwork.uk,dmca,https://github.com/iptv-org/iptv/issues/1831
FoodNetwork.us,dmca,https://github.com/iptv-org/iptv/issues/16839
FoodNetwork.us,dmca,https://github.com/iptv-org/iptv/issues/1831
FoodNetworkAsia.sg,dmca,https://github.com/iptv-org/iptv/issues/16839
FoodNetworkAsia.sg,dmca,https://github.com/iptv-org/iptv/issues/1831
FoodNetworkEMEA.us,dmca,https://github.com/iptv-org/iptv/issues/16839
FoodNetworkEMEA.us,dmca,https://github.com/iptv-org/iptv/issues/1831
FoodNetworkLatinAmerica.us,dmca,https://github.com/iptv-org/iptv/issues/16839
FoodNetworkLatinAmerica.us,dmca,https://github.com/iptv-org/iptv/issues/1831
FoodTV.kr,dmca,https://github.com/iptv-org/iptv/issues/1831
Frii.fi,dmca,https://github.com/iptv-org/iptv/issues/16839
Frisbee.it,dmca,https://github.com/iptv-org/iptv/issues/16839
Frisbee.it,dmca,https://github.com/iptv-org/iptv/issues/1831
Giallo.it,dmca,https://github.com/iptv-org/iptv/issues/16839
Giallo.it,dmca,https://github.com/iptv-org/iptv/issues/1831
Glitz.ar,dmca,https://github.com/iptv-org/iptv/issues/16839
GlobalNews.ca,dmca,https://github.com/iptv-org/iptv/pull/6329
GlobalNewsBC1.ca,dmca,https://github.com/iptv-org/iptv/pull/6329
GolfTV.us,dmca,https://github.com/iptv-org/iptv/issues/16839
GolfTV.us,dmca,https://github.com/iptv-org/iptv/issues/1831
HBCUGOSports.us,dmca,https://github.com/iptv-org/iptv/issues/16839
HBO.br,dmca,https://github.com/iptv-org/iptv/issues/16839
HBO.pl,dmca,https://github.com/iptv-org/iptv/issues/16839
HBO.ro,dmca,https://github.com/iptv-org/iptv/issues/16839
HBO.us,dmca,https://github.com/iptv-org/iptv/issues/16839
HBO1.ca,dmca,https://github.com/iptv-org/iptv/issues/16839
HBO2.br,dmca,https://github.com/iptv-org/iptv/issues/16839
HBO2.ca,dmca,https://github.com/iptv-org/iptv/issues/16839
HBO2.pl,dmca,https://github.com/iptv-org/iptv/issues/16839
HBO2.ro,dmca,https://github.com/iptv-org/iptv/issues/16839
HBO2.us,dmca,https://github.com/iptv-org/iptv/issues/16839
HBO2CentralEurope.hu,dmca,https://github.com/iptv-org/iptv/issues/16839
HBO2LatinAmerica.us,dmca,https://github.com/iptv-org/iptv/issues/16839
HBO3.pl,dmca,https://github.com/iptv-org/iptv/issues/16839
HBO3.ro,dmca,https://github.com/iptv-org/iptv/issues/16839
HBO3CentralEurope.hu,dmca,https://github.com/iptv-org/iptv/issues/16839
HBOAsia.sg,dmca,https://github.com/iptv-org/iptv/issues/16839
HBOCentralEurope.hu,dmca,https://github.com/iptv-org/iptv/issues/16839
HBOComedy.us,dmca,https://github.com/iptv-org/iptv/issues/16839
HBOFamily.br,dmca,https://github.com/iptv-org/iptv/issues/16839
HBOFamily.us,dmca,https://github.com/iptv-org/iptv/issues/16839
HBOFamilyAsia.sg,dmca,https://github.com/iptv-org/iptv/issues/16839
HBOFamilyLatinAmerica.us,dmca,https://github.com/iptv-org/iptv/issues/16839
HBOHawaii.us,dmca,https://github.com/iptv-org/iptv/issues/16839
HBOHitsAsia.sg,dmca,https://github.com/iptv-org/iptv/issues/16839
HBOLatinAmerica.us,dmca,https://github.com/iptv-org/iptv/issues/16839
HBOLatino.us,dmca,https://github.com/iptv-org/iptv/issues/16839
HBOMundi.br,dmca,https://github.com/iptv-org/iptv/issues/16839
HBOMundiCaribbean.us,dmca,https://github.com/iptv-org/iptv/issues/16839
HBOMundiLatinAmerica.us,dmca,https://github.com/iptv-org/iptv/issues/16839
HBOPlus.br,dmca,https://github.com/iptv-org/iptv/issues/16839
HBOPlusLatinAmerica.us,dmca,https://github.com/iptv-org/iptv/issues/16839
HBOPop.br,dmca,https://github.com/iptv-org/iptv/issues/16839
HBOPopLatinAmerica.us,dmca,https://github.com/iptv-org/iptv/issues/16839
HBOSignature.br,dmca,https://github.com/iptv-org/iptv/issues/16839
HBOSignature.us,dmca,https://github.com/iptv-org/iptv/issues/16839
HBOSignatureAsia.sg,dmca,https://github.com/iptv-org/iptv/issues/16839
HBOSignatureLatinAmerica.us,dmca,https://github.com/iptv-org/iptv/issues/16839
HBOXtreme.br,dmca,https://github.com/iptv-org/iptv/issues/16839
HBOXtremeLatinAmerica.us,dmca,https://github.com/iptv-org/iptv/issues/16839
HBOZone.us,dmca,https://github.com/iptv-org/iptv/issues/16839
HGTV.au,dmca,https://github.com/iptv-org/iptv/issues/16839
HGTV.be,dmca,https://github.com/iptv-org/iptv/issues/1831
HGTV.ca,dmca,https://github.com/iptv-org/iptv/issues/1831
HGTV.ca,dmca,https://github.com/iptv-org/iptv/pull/6329
HGTV.de,dmca,https://github.com/iptv-org/iptv/issues/16839
HGTV.hu,dmca,https://github.com/iptv-org/iptv/issues/1831
HGTV.ie,dmca,https://github.com/iptv-org/iptv/issues/16839
HGTV.it,dmca,https://github.com/iptv-org/iptv/issues/16839
HGTV.it,dmca,https://github.com/iptv-org/iptv/issues/1831
HGTV.nl,dmca,https://github.com/iptv-org/iptv/issues/1831
HGTV.pl,dmca,https://github.com/iptv-org/iptv/issues/1831
HGTV.ru,dmca,https://github.com/iptv-org/iptv/issues/1831
HGTV.tw,dmca,https://github.com/iptv-org/iptv/issues/1831
HGTV.uk,dmca,https://github.com/iptv-org/iptv/issues/16839
HGTV.uk,dmca,https://github.com/iptv-org/iptv/issues/1831
HGTV.us,dmca,https://github.com/iptv-org/iptv/issues/16839
HGTV.us,dmca,https://github.com/iptv-org/iptv/issues/1831
HGTVArabia.us,dmca,https://github.com/iptv-org/iptv/issues/1831
HGTVAsia.us,dmca,https://github.com/iptv-org/iptv/issues/1831
HGTVLatinAmerica.us,dmca,https://github.com/iptv-org/iptv/issues/1831
HGTVSouthAfrica.za,dmca,https://github.com/iptv-org/iptv/issues/1831
HistoiredelaTelevision.fr,dmca,https://github.com/iptv-org/iptv/issues/38055
Historia.ca,dmca,https://github.com/iptv-org/iptv/pull/6329
History.ca,dmca,https://github.com/iptv-org/iptv/pull/6329
History2.ca,dmca,https://github.com/iptv-org/iptv/pull/6329
HLN.us,dmca,https://github.com/iptv-org/iptv/issues/16839
HogarHGTV.us,dmca,https://github.com/iptv-org/iptv/issues/16839
HogarHGTV.us,dmca,https://github.com/iptv-org/iptv/issues/1831
HTV.us,dmca,https://github.com/iptv-org/iptv/issues/16839
IDHD.si,dmca,https://github.com/iptv-org/iptv/issues/16839
IdmanTV.az,dmca,https://github.com/iptv-org/iptv/issues/6973
InvestigationDiscovery.au,dmca,https://github.com/iptv-org/iptv/issues/1831
InvestigationDiscovery.br,dmca,https://github.com/iptv-org/iptv/issues/1831
InvestigationDiscovery.ca,dmca,https://github.com/iptv-org/iptv/issues/1831
InvestigationDiscovery.fr,dmca,https://github.com/iptv-org/iptv/issues/16839
InvestigationDiscovery.fr,dmca,https://github.com/iptv-org/iptv/issues/1831
InvestigationDiscovery.hu,dmca,https://github.com/iptv-org/iptv/issues/16839
InvestigationDiscovery.hu,dmca,https://github.com/iptv-org/iptv/issues/1831
InvestigationDiscovery.in,dmca,https://github.com/iptv-org/iptv/issues/16839
InvestigationDiscovery.in,dmca,https://github.com/iptv-org/iptv/issues/1831
InvestigationDiscovery.nl,dmca,https://github.com/iptv-org/iptv/issues/16839
InvestigationDiscovery.nl,dmca,https://github.com/iptv-org/iptv/issues/1831
InvestigationDiscovery.nz,dmca,https://github.com/iptv-org/iptv/issues/16839
InvestigationDiscovery.pl,dmca,https://github.com/iptv-org/iptv/issues/16839
InvestigationDiscovery.pl,dmca,https://github.com/iptv-org/iptv/issues/1831
InvestigationDiscovery.ru,dmca,https://github.com/iptv-org/iptv/issues/1831
InvestigationDiscovery.se,dmca,https://github.com/iptv-org/iptv/issues/16839
InvestigationDiscovery.se,dmca,https://github.com/iptv-org/iptv/issues/1831
InvestigationDiscovery.uk,dmca,https://github.com/iptv-org/iptv/issues/16839
InvestigationDiscovery.uk,dmca,https://github.com/iptv-org/iptv/issues/1831
InvestigationDiscovery.us,dmca,https://github.com/iptv-org/iptv/issues/1831
InvestigationDiscoveryAfrica.us,dmca,https://github.com/iptv-org/iptv/issues/1831
InvestigationDiscoveryEurope.us,dmca,https://github.com/iptv-org/iptv/issues/1831
InvestigationDiscoveryLatinAmerica.us,dmca,https://github.com/iptv-org/iptv/issues/16839
InvestigationDiscoveryLatinAmerica.us,dmca,https://github.com/iptv-org/iptv/issues/1831
ISat.ar,dmca,https://github.com/iptv-org/iptv/issues/16839
ITVNEurope.pl,dmca,https://github.com/iptv-org/iptv/issues/1831
ITVNExtra.pl,dmca,https://github.com/iptv-org/iptv/issues/1831
ITVNUSA.us,dmca,https://github.com/iptv-org/iptv/issues/1831
JOJ24.sk,dmca,https://github.com/iptv-org/iptv/issues/28801
JOJCinema.sk,dmca,https://github.com/iptv-org/iptv/issues/28801
JOJFamily.sk,dmca,https://github.com/iptv-org/iptv/issues/28801
Jojko.sk,dmca,https://github.com/iptv-org/iptv/issues/28801
JOJPlus.sk,dmca,https://github.com/iptv-org/iptv/issues/28801
JOJSport.sk,dmca,https://github.com/iptv-org/iptv/issues/28801
JOJSport2.sk,dmca,https://github.com/iptv-org/iptv/issues/28801
JOJWAU.sk,dmca,https://github.com/iptv-org/iptv/issues/28801
K2.it,dmca,https://github.com/iptv-org/iptv/issues/16839
K2.it,dmca,https://github.com/iptv-org/iptv/issues/1831
Kanal11.se,dmca,https://github.com/iptv-org/iptv/issues/16839
Kanal4.dk,dmca,https://github.com/iptv-org/iptv/issues/16839
Kanal5.dk,dmca,https://github.com/iptv-org/iptv/issues/16839
Kanal5.se,dmca,https://github.com/iptv-org/iptv/issues/16839
Kanal9.se,dmca,https://github.com/iptv-org/iptv/issues/16839
KDOCTV566.us,dmca,https://github.zendesk.com/attachments/token/qCOIlhjNbuhARY64ffpnzv9Ef/?name=2022-01-06-localnow.rtf
KiranTV.in,dmca,https://github.com/iptv-org/iptv/issues/34901
KochuTV.in,dmca,https://github.com/iptv-org/iptv/issues/34901
KTV.in,dmca,https://github.com/iptv-org/iptv/issues/34901
KushiTV.in,dmca,https://github.com/iptv-org/iptv/issues/34901
Kutonen.fi,dmca,https://github.com/iptv-org/iptv/issues/16839
LaChaineDisney.ca,dmca,https://github.com/iptv-org/iptv/pull/6329
LaLaTV.jp,dmca,https://github.com/iptv-org/iptv/issues/16839
Lifetime.ca,dmca,https://github.com/iptv-org/iptv/pull/6329
Living.nz,dmca,https://github.com/iptv-org/iptv/issues/16839
Living.nz,dmca,https://github.com/iptv-org/iptv/issues/1831
LocalNowBergenCounty.us,dmca,https://github.zendesk.com/attachments/token/qCOIlhjNbuhARY64ffpnzv9Ef/?name=2022-01-06-localnow.rtf
LocalNowLongIsland.us,dmca,https://github.zendesk.com/attachments/token/qCOIlhjNbuhARY64ffpnzv9Ef/?name=2022-01-06-localnow.rtf
LocalNowManhattan.us,dmca,https://github.zendesk.com/attachments/token/qCOIlhjNbuhARY64ffpnzv9Ef/?name=2022-01-06-localnow.rtf
LocalNowNewburgh.us,dmca,https://github.zendesk.com/attachments/token/qCOIlhjNbuhARY64ffpnzv9Ef/?name=2022-01-06-localnow.rtf
LocalNowNewYorkCity.us,dmca,https://github.zendesk.com/attachments/token/qCOIlhjNbuhARY64ffpnzv9Ef/?name=2022-01-06-localnow.rtf
LocalNowWhitePlains.us,dmca,https://github.zendesk.com/attachments/token/qCOIlhjNbuhARY64ffpnzv9Ef/?name=2022-01-06-localnow.rtf
MagnoliaNetwork.ca,dmca,https://github.com/iptv-org/iptv/pull/6329
MagnoliaNetwork.us,dmca,https://github.com/iptv-org/iptv/issues/5994
Markiza.sk,dmca,https://github.com/iptv-org/iptv/issues/28801
MarkizaDajto.sk,dmca,https://github.com/iptv-org/iptv/issues/28801
MarkizaDoma.sk,dmca,https://github.com/iptv-org/iptv/issues/28801
MarkizaInternational.sk,dmca,https://github.com/iptv-org/iptv/issues/28801
MarkizaKlasik.sk,dmca,https://github.com/iptv-org/iptv/issues/28801
MarkizaKrimi.sk,dmca,https://github.com/iptv-org/iptv/issues/28801
MarkizaPlus.sk,dmca,https://github.com/iptv-org/iptv/issues/28801
Match.ru,dmca,https://github.com/github/dmca/blob/master/2020/09/2020-09-16-dfl.md
MatchFutbol1.ru,dmca,https://github.com/github/dmca/blob/master/2020/09/2020-09-16-dfl.md
MatchFutbol2.ru,dmca,https://github.com/github/dmca/blob/master/2020/09/2020-09-16-dfl.md
MatchFutbol3.ru,dmca,https://github.com/github/dmca/blob/master/2020/09/2020-09-16-dfl.md
MatchPremier.ru,dmca,https://github.com/github/dmca/blob/master/2020/09/2020-09-16-dfl.md
MBCAction.ae,dmca,https://github.com/github/dmca/blob/master/2020/09/2020-09-16-dfl.md
Metro.pl,dmca,https://github.com/iptv-org/iptv/issues/16839
MiniMiniPlus.pl,dmca,https://github.com/iptv-org/iptv/issues/16839
MolaTV1.id,dmca,https://github.com/github/dmca/blob/master/2020/09/2020-09-16-dfl.md
MolaTV2.id,dmca,https://github.com/github/dmca/blob/master/2020/09/2020-09-16-dfl.md
MONDOTV.jp,dmca,https://github.com/iptv-org/iptv/issues/16839
MotorTrend.it,dmca,https://github.com/iptv-org/iptv/issues/16839
MotorTrend.it,dmca,https://github.zendesk.com/attachments/token/r5abHyVOYbswCkNSmo67CP0Px/?name=2022-02-01-nagra-2.rtf
MoviePlus.jp,dmca,https://github.com/iptv-org/iptv/issues/16839
MovieTime.ca,dmca,https://github.com/iptv-org/iptv/pull/6329
N1.ba,dmca,https://github.com/iptv-org/iptv/issues/6486
N1.hr,dmca,https://github.com/iptv-org/iptv/issues/6486
N1.rs,dmca,https://github.com/iptv-org/iptv/issues/6486
NationalGeographic.ca,dmca,https://github.com/iptv-org/iptv/pull/6329
NationalGeographicWild.ca,dmca,https://github.com/iptv-org/iptv/pull/6329
Nickelodeon.ca,dmca,https://github.com/iptv-org/iptv/pull/6329
NovaAction.cz,dmca,https://github.com/iptv-org/iptv/issues/28801
NovaCinema.cz,dmca,https://github.com/iptv-org/iptv/issues/28801
NovaFun.cz,dmca,https://github.com/iptv-org/iptv/issues/28801
NovaGold.cz,dmca,https://github.com/iptv-org/iptv/issues/28801
NovaInternational.cz,dmca,https://github.com/iptv-org/iptv/issues/28801
NovaLady.cz,dmca,https://github.com/iptv-org/iptv/issues/28801
NovaSport.bg,dmca,https://github.com/github/dmca/blob/master/2020/09/2020-09-16-dfl.md
NovaSport.rs,dmca,https://github.com/github/dmca/blob/master/2020/09/2020-09-16-dfl.md
NovaSport1.cz,dmca,https://github.com/github/dmca/blob/master/2020/09/2020-09-16-dfl.md
NovaSport2.cz,dmca,https://github.com/github/dmca/blob/master/2020/09/2020-09-16-dfl.md
NovaSport3.cz,dmca,https://github.com/github/dmca/blob/master/2020/09/2020-09-16-dfl.md
NovaSport4.cz,dmca,https://github.com/github/dmca/blob/master/2020/09/2020-09-16-dfl.md
NovaSport5.cz,dmca,https://github.com/iptv-org/iptv/issues/28801
NovaSport6.cz,dmca,https://github.com/iptv-org/iptv/issues/28801
Novasports1.gr,dmca,https://github.com/github/dmca/blob/master/2020/09/2020-09-16-dfl.md
Novasports2.gr,dmca,https://github.com/github/dmca/blob/master/2020/09/2020-09-16-dfl.md
Novasports3.gr,dmca,https://github.com/github/dmca/blob/master/2020/09/2020-09-16-dfl.md
Novasports4.gr,dmca,https://github.com/github/dmca/blob/master/2020/09/2020-09-16-dfl.md
Novasports5.gr,dmca,https://github.com/github/dmca/blob/master/2020/09/2020-09-16-dfl.md
Novasports6.gr,dmca,https://github.com/github/dmca/blob/master/2020/09/2020-09-16-dfl.md
NovasportsPremierLeague.gr,dmca,https://github.com/iptv-org/iptv/issues/6973
Nove.it,dmca,https://github.com/iptv-org/iptv/issues/16839
Nove.it,dmca,https://github.com/iptv-org/iptv/issues/1831
NovelasPlus.pl,dmca,https://github.com/iptv-org/iptv/issues/16839
nowSportsPremierLeague1.hk,dmca,https://github.com/iptv-org/iptv/issues/6973
nowSportsPremierLeague2.hk,dmca,https://github.com/iptv-org/iptv/issues/6973
nowSportsPremierLeague3.hk,dmca,https://github.com/iptv-org/iptv/issues/6973
nowSportsPremierLeague4.hk,dmca,https://github.com/iptv-org/iptv/issues/6973
nowSportsPremierLeague5.hk,dmca,https://github.com/iptv-org/iptv/issues/6973
nowSportsPremierLeague6.hk,dmca,https://github.com/iptv-org/iptv/issues/6973
nowSportsPremierLeagueTV.hk,dmca,https://github.com/iptv-org/iptv/issues/6973
NSportPlus.pl,dmca,https://github.com/iptv-org/iptv/issues/16839
OhK.sg,dmca,https://github.com/iptv-org/iptv/issues/16839
One.il,dmca,https://github.com/github/dmca/blob/master/2020/09/2020-09-16-dfl.md
OrangeSport1.ro,dmca,https://github.com/github/dmca/blob/master/2020/09/2020-09-16-dfl.md
OrangeSport2.ro,dmca,https://github.com/github/dmca/blob/master/2020/09/2020-09-16-dfl.md
OrangeSport3.ro,dmca,https://github.com/github/dmca/blob/master/2020/09/2020-09-16-dfl.md
OrangeSport4.ro,dmca,https://github.com/github/dmca/blob/master/2020/09/2020-09-16-dfl.md
OWN.ca,dmca,https://github.com/iptv-org/iptv/issues/1831
OWN.ca,dmca,https://github.com/iptv-org/iptv/pull/6329
OWN.us,dmca,https://github.com/iptv-org/iptv/issues/1831
Pattrn.us,dmca,https://github.com/iptv-org/iptv/issues/9729
PlanetePlus.pl,dmca,https://github.com/iptv-org/iptv/issues/16839
PlaySports5PremierLeague.be,dmca,https://github.com/iptv-org/iptv/issues/6973
Pogo.in,dmca,https://github.com/iptv-org/iptv/issues/16839
PPTV.th,dmca,https://github.com/github/dmca/blob/master/2020/09/2020-09-16-dfl.md
PremierSports1.mn,dmca,https://github.com/iptv-org/iptv/issues/6973
PremierSports2.mn,dmca,https://github.com/iptv-org/iptv/issues/6973
PremierSports3.mn,dmca,https://github.com/iptv-org/iptv/issues/6973
PremierSports4.mn,dmca,https://github.com/iptv-org/iptv/issues/6973
PremierSports5.mn,dmca,https://github.com/iptv-org/iptv/issues/6973
PrimaSport1.ro,dmca,https://github.com/github/dmca/blob/master/2020/09/2020-09-16-dfl.md
PrimaSport2.ro,dmca,https://github.com/github/dmca/blob/master/2020/09/2020-09-16-dfl.md
PrimaSport3.ro,dmca,https://github.com/github/dmca/blob/master/2020/09/2020-09-16-dfl.md
PrimaSport4.ro,dmca,https://github.com/github/dmca/blob/master/2020/09/2020-09-16-dfl.md
Quest.uk,dmca,https://github.com/iptv-org/iptv/issues/1831
QuestRed.uk,dmca,https://github.com/iptv-org/iptv/issues/1831
RealTime.it,dmca,https://github.com/iptv-org/iptv/issues/16839
RealTime.it,dmca,https://github.com/iptv-org/iptv/issues/1831
RealTimeAfrica.us,dmca,https://github.com/iptv-org/iptv/issues/16839
RealTimeAfrica.us,dmca,https://github.com/iptv-org/iptv/issues/1831
RojaMovies.in,dmca,https://github.com/iptv-org/iptv/issues/46929
RojaTV.in,dmca,https://github.com/iptv-org/iptv/issues/46929
RootSportsNorthwest.us,dmca,https://github.com/iptv-org/iptv/issues/16839
RTL.hr,dmca,https://github.com/iptv-org/iptv/issues/29453
RTL2.hr,dmca,https://github.com/iptv-org/iptv/issues/29453
RTLAdria.hr,dmca,https://github.com/iptv-org/iptv/issues/29453
RTLCrime.hr,dmca,https://github.com/iptv-org/iptv/issues/29453
RTLCroatiaWorld.hr,dmca,https://github.com/iptv-org/iptv/issues/29453
RTLKockica.hr,dmca,https://github.com/iptv-org/iptv/issues/29453
RTLLiving.hr,dmca,https://github.com/iptv-org/iptv/issues/29453
RTLPassion.hr,dmca,https://github.com/iptv-org/iptv/issues/29453
SABCSport.za,dmca,https://github.com/github/dmca/blob/master/2020/09/2020-09-16-dfl.md
SAT1.de,dmca,https://github.com/github/dmca/blob/master/2020/09/2020-09-16-dfl.md
Science.us,dmca,https://github.com/iptv-org/iptv/issues/16839
SetantaSportsGeorgia.ge,dmca,https://github.com/github/dmca/blob/master/2020/09/2020-09-16-dfl.md
SetantaSportsPlusGeorgia.ge,dmca,https://github.com/github/dmca/blob/master/2020/09/2020-09-16-dfl.md
SetantaSportsUkraine.ua,dmca,https://github.com/github/dmca/blob/master/2020/09/2020-09-16-dfl.md
SkyCalcio10.it,dmca,https://github.com/github/dmca/blob/master/2020/09/2020-09-16-dfl.md
SkyCalcio11.it,dmca,https://github.com/github/dmca/blob/master/2020/09/2020-09-16-dfl.md
SkyNews.uk,dmca,https://github.com/iptv-org/iptv/issues/7314
SkyNewsInternational.uk,dmca,https://github.com/iptv-org/iptv/issues/7314
SkySport1.de,dmca,https://github.com/github/dmca/blob/master/2020/09/2020-09-16-dfl.md
SkySport10.de,dmca,https://github.com/github/dmca/blob/master/2020/09/2020-09-16-dfl.md
SkySport11.de,dmca,https://github.com/github/dmca/blob/master/2020/09/2020-09-16-dfl.md
SkySport12.de,dmca,https://github.com/github/dmca/blob/master/2020/09/2020-09-16-dfl.md
SkySport13.de,dmca,https://github.com/github/dmca/blob/master/2020/09/2020-09-16-dfl.md
SkySport14.de,dmca,https://github.com/github/dmca/blob/master/2020/09/2020-09-16-dfl.md
SkySport2.de,dmca,https://github.com/github/dmca/blob/master/2020/09/2020-09-16-dfl.md
SkySport24.it,dmca,https://github.com/github/dmca/blob/master/2020/09/2020-09-16-dfl.md
SkySport251.it,dmca,https://github.com/github/dmca/blob/master/2020/09/2020-09-16-dfl.md
SkySport252.it,dmca,https://github.com/github/dmca/blob/master/2020/09/2020-09-16-dfl.md
SkySport253.it,dmca,https://github.com/github/dmca/blob/master/2020/09/2020-09-16-dfl.md
SkySport254.it,dmca,https://github.com/github/dmca/blob/master/2020/09/2020-09-16-dfl.md
SkySport255.it,dmca,https://github.com/github/dmca/blob/master/2020/09/2020-09-16-dfl.md
SkySport256.it,dmca,https://github.com/github/dmca/blob/master/2020/09/2020-09-16-dfl.md
SkySport257.it,dmca,https://github.com/github/dmca/blob/master/2020/09/2020-09-16-dfl.md
SkySport258.it,dmca,https://github.com/github/dmca/blob/master/2020/09/2020-09-16-dfl.md
SkySport259.it,dmca,https://github.com/github/dmca/blob/master/2020/09/2020-09-16-dfl.md
SkySport3.de,dmca,https://github.com/github/dmca/blob/master/2020/09/2020-09-16-dfl.md
SkySport4.de,dmca,https://github.com/github/dmca/blob/master/2020/09/2020-09-16-dfl.md
SkySport4K.it,dmca,https://github.com/github/dmca/blob/master/2020/09/2020-09-16-dfl.md
SkySport5.de,dmca,https://github.com/github/dmca/blob/master/2020/09/2020-09-16-dfl.md
SkySport6.de,dmca,https://github.com/github/dmca/blob/master/2020/09/2020-09-16-dfl.md
SkySport7.de,dmca,https://github.com/github/dmca/blob/master/2020/09/2020-09-16-dfl.md
SkySport8.de,dmca,https://github.com/github/dmca/blob/master/2020/09/2020-09-16-dfl.md
SkySport9.de,dmca,https://github.com/github/dmca/blob/master/2020/09/2020-09-16-dfl.md
SkySportAction.it,dmca,https://github.com/github/dmca/blob/master/2020/09/2020-09-16-dfl.md
SkySportArena.it,dmca,https://github.com/github/dmca/blob/master/2020/09/2020-09-16-dfl.md
SkySportBar1.it,dmca,https://github.com/github/dmca/blob/master/2020/09/2020-09-16-dfl.md
SkySportBar2.it,dmca,https://github.com/github/dmca/blob/master/2020/09/2020-09-16-dfl.md
SkySportBar3.it,dmca,https://github.com/github/dmca/blob/master/2020/09/2020-09-16-dfl.md
SkySportBundesliga.de,dmca,https://github.com/github/dmca/blob/master/2020/09/2020-09-16-dfl.md
SkySportBundesliga1.de,dmca,https://github.com/github/dmca/blob/master/2020/09/2020-09-16-dfl.md
SkySportBundesliga10.de,dmca,https://github.com/github/dmca/blob/master/2020/09/2020-09-16-dfl.md
SkySportBundesliga2.de,dmca,https://github.com/github/dmca/blob/master/2020/09/2020-09-16-dfl.md
SkySportBundesliga3.de,dmca,https://github.com/github/dmca/blob/master/2020/09/2020-09-16-dfl.md
SkySportBundesliga4.de,dmca,https://github.com/github/dmca/blob/master/2020/09/2020-09-16-dfl.md
SkySportBundesliga5.de,dmca,https://github.com/github/dmca/blob/master/2020/09/2020-09-16-dfl.md
SkySportBundesliga6.de,dmca,https://github.com/github/dmca/blob/master/2020/09/2020-09-16-dfl.md
SkySportBundesliga7.de,dmca,https://github.com/github/dmca/blob/master/2020/09/2020-09-16-dfl.md
SkySportBundesliga8.de,dmca,https://github.com/github/dmca/blob/master/2020/09/2020-09-16-dfl.md
SkySportBundesliga9.de,dmca,https://github.com/github/dmca/blob/master/2020/09/2020-09-16-dfl.md
SkySportCalcio.it,dmca,https://github.com/github/dmca/blob/master/2020/09/2020-09-16-dfl.md
SkySportFootball.it,dmca,https://github.com/github/dmca/blob/master/2020/09/2020-09-16-dfl.md
SkySportKompakt1.de,dmca,https://github.com/github/dmca/blob/master/2020/09/2020-09-16-dfl.md
SkySportKompakt2.de,dmca,https://github.com/github/dmca/blob/master/2020/09/2020-09-16-dfl.md
SkySportKompakt3.de,dmca,https://github.com/github/dmca/blob/master/2020/09/2020-09-16-dfl.md
SkySportKompakt4.de,dmca,https://github.com/github/dmca/blob/master/2020/09/2020-09-16-dfl.md
SkySportKompakt5.de,dmca,https://github.com/github/dmca/blob/master/2020/09/2020-09-16-dfl.md
SkySportPremierLeague.de,dmca,https://github.com/iptv-org/iptv/issues/6973
SkySportPremierLeague.nz,dmca,https://github.com/iptv-org/iptv/issues/6973
SkySports1.mx,dmca,https://github.com/github/dmca/blob/master/2020/09/2020-09-16-dfl.md
SkySports16.mx,dmca,https://github.com/github/dmca/blob/master/2020/09/2020-09-16-dfl.md
SkySports2.mx,dmca,https://github.com/github/dmca/blob/master/2020/09/2020-09-16-dfl.md
SkySports21.mx,dmca,https://github.com/github/dmca/blob/master/2020/09/2020-09-16-dfl.md
SkySports24.mx,dmca,https://github.com/github/dmca/blob/master/2020/09/2020-09-16-dfl.md
SkySports3.mx,dmca,https://github.com/github/dmca/blob/master/2020/09/2020-09-16-dfl.md
SkySports34.mx,dmca,https://github.com/github/dmca/blob/master/2020/09/2020-09-16-dfl.md
SkySports6.mx,dmca,https://github.com/github/dmca/blob/master/2020/09/2020-09-16-dfl.md
SkySports8.mx,dmca,https://github.com/github/dmca/blob/master/2020/09/2020-09-16-dfl.md
SkySports9.mx,dmca,https://github.com/github/dmca/blob/master/2020/09/2020-09-16-dfl.md
SkySportsFootball.uk,dmca,https://github.com/github/dmca/blob/master/2020/09/2020-09-16-dfl.md
SkySportsMainEvent.uk,dmca,https://github.com/iptv-org/iptv/issues/6973
SkySportsMix.uk,dmca,https://github.com/github/dmca/blob/master/2020/09/2020-09-16-dfl.md
SkySportsPremierLeague.ie,dmca,https://github.com/iptv-org/iptv/issues/6973
SkySportsPremierLeague.uk,dmca,https://github.com/iptv-org/iptv/issues/6973
SkySportsPremierLeagueROI.uk,dmca,https://github.com/iptv-org/iptv/issues/6973
SkySportUno.it,dmca,https://github.com/github/dmca/blob/master/2020/09/2020-09-16-dfl.md
SkyTG24.it,dmca,https://github.com/iptv-org/iptv/pull/2294
SkyTG24Eventi.it,dmca,https://github.com/github/dmca/blob/master/2020/09/2020-09-16-dfl.md
SkyTG24PrimoPiano.it,dmca,https://github.com/iptv-org/iptv/pull/2294
SonyMovies.us,dmca,https://github.com/iptv-org/iptv/issues/17874
Space.ar,dmca,https://github.com/iptv-org/iptv/issues/16839
Sport1.de,dmca,https://github.com/github/dmca/blob/master/2020/09/2020-09-16-dfl.md
SportKlub1.nl,dmca,https://github.com/github/dmca/blob/master/2020/09/2020-09-16-dfl.md
SportKlub2.nl,dmca,https://github.com/github/dmca/blob/master/2020/09/2020-09-16-dfl.md
SportKlub3.nl,dmca,https://github.com/github/dmca/blob/master/2020/09/2020-09-16-dfl.md
SportKlub4.nl,dmca,https://github.com/github/dmca/blob/master/2020/09/2020-09-16-dfl.md
SportKlub5.nl,dmca,https://github.com/github/dmca/blob/master/2020/09/2020-09-16-dfl.md
SportKlub6.nl,dmca,https://github.com/github/dmca/blob/master/2020/09/2020-09-16-dfl.md
SportKlubStart.nl,dmca,https://github.com/github/dmca/blob/master/2020/09/2020-09-16-dfl.md
SportTV1.si,dmca,https://github.com/github/dmca/blob/master/2020/09/2020-09-16-dfl.md
SportTV2.si,dmca,https://github.com/github/dmca/blob/master/2020/09/2020-09-16-dfl.md
SportTV3.si,dmca,https://github.com/github/dmca/blob/master/2020/09/2020-09-16-dfl.md
STV.uk,dmca,https://github.com/iptv-org/iptv/issues/25036
STVCentral.uk,dmca,https://github.com/iptv-org/iptv/issues/25036
STVNorth.uk,dmca,https://github.com/iptv-org/iptv/issues/25036
SunBangla.in,dmca,https://github.com/iptv-org/iptv/issues/34901
SunLife.in,dmca,https://github.com/iptv-org/iptv/issues/34901
SunMarathi.in,dmca,https://github.com/iptv-org/iptv/issues/34901
SunMusic.in,dmca,https://github.com/iptv-org/iptv/issues/34901
SunNeo.in,dmca,https://github.com/iptv-org/iptv/issues/34901
SunNews.in,dmca,https://github.com/iptv-org/iptv/issues/34901
SunTVMalaysia.my,dmca,https://github.com/iptv-org/iptv/issues/34901
SuperSport1.al,dmca,https://github.com/github/dmca/blob/master/2020/09/2020-09-16-dfl.md
SuperSport2.al,dmca,https://github.com/github/dmca/blob/master/2020/09/2020-09-16-dfl.md
SuperSport3.al,dmca,https://github.com/github/dmca/blob/master/2020/09/2020-09-16-dfl.md
SuperSport4.al,dmca,https://github.com/github/dmca/blob/master/2020/09/2020-09-16-dfl.md
SuperSport5.al,dmca,https://github.com/github/dmca/blob/master/2020/09/2020-09-16-dfl.md
SuperSport6.al,dmca,https://github.com/github/dmca/blob/master/2020/09/2020-09-16-dfl.md
SuperSport7.al,dmca,https://github.com/github/dmca/blob/master/2020/09/2020-09-16-dfl.md
SuperSportKosova1.xk,dmca,https://github.com/github/dmca/blob/master/2020/09/2020-09-16-dfl.md
SuperSportKosova2.xk,dmca,https://github.com/github/dmca/blob/master/2020/09/2020-09-16-dfl.md
SuperSportKosova3.xk,dmca,https://github.com/github/dmca/blob/master/2020/09/2020-09-16-dfl.md
SuperSportPremierLeague.za,dmca,https://github.com/iptv-org/iptv/issues/6973
TABIChannel.jp,dmca,https://github.com/iptv-org/iptv/issues/16839
TAPSports.ph,dmca,https://github.com/github/dmca/blob/master/2020/09/2020-09-16-dfl.md
TBS.us,dmca,https://github.com/iptv-org/iptv/issues/16839
TBSLatinAmerica.us,dmca,https://github.com/iptv-org/iptv/issues/16839
TCM.ca,dmca,https://github.com/iptv-org/iptv/issues/16839
TCM.es,dmca,https://github.com/iptv-org/iptv/issues/16839
TCM.us,dmca,https://github.com/iptv-org/iptv/issues/16839
TCMCinema.fr,dmca,https://github.com/iptv-org/iptv/issues/16839
TCMLatinAmerica.us,dmca,https://github.com/iptv-org/iptv/issues/16839
TELE5.de,dmca,https://github.com/iptv-org/iptv/issues/16839
TELE5Austria.at,dmca,https://github.com/iptv-org/iptv/issues/16839
TeletoonPlus.pl,dmca,https://github.com/iptv-org/iptv/issues/16839
TelewebionSport.ir,dmca,https://github.com/iptv-org/iptv/issues/6973
TelewebionSport2.ir,dmca,https://github.com/iptv-org/iptv/issues/6973
TelewebionSport3.ir,dmca,https://github.com/iptv-org/iptv/issues/6973
TheCW.us,dmca,https://github.com/iptv-org/iptv/issues/16839
TheGrioTV.us,dmca,https://github.com/iptv-org/iptv/issues/9729
TheWeatherChannel.us,dmca,https://github.com/iptv-org/iptv/issues/9729
TivibuSpor.tr,dmca,https://github.com/github/dmca/blob/master/2020/09/2020-09-16-dfl.md
TivibuSpor2.tr,dmca,https://github.com/github/dmca/blob/master/2020/09/2020-09-16-dfl.md
TivibuSpor3.tr,dmca,https://github.com/github/dmca/blob/master/2020/09/2020-09-16-dfl.md
TivibuSpor4.tr,dmca,https://github.com/github/dmca/blob/master/2020/09/2020-09-16-dfl.md
TLC.at,dmca,https://github.com/iptv-org/iptv/issues/1831
TLC.au,dmca,https://github.com/iptv-org/iptv/issues/1831
TLC.bg,dmca,https://github.com/iptv-org/iptv/issues/1831
TLC.de,dmca,https://github.com/iptv-org/iptv/issues/16839
TLC.de,dmca,https://github.com/iptv-org/iptv/issues/1831
TLC.dk,dmca,https://github.com/iptv-org/iptv/issues/1831
TLC.fi,dmca,https://github.com/iptv-org/iptv/issues/1831
TLC.fr,dmca,https://github.com/iptv-org/iptv/issues/16839
TLC.hu,dmca,https://github.com/iptv-org/iptv/issues/1831
TLC.ie,dmca,https://github.com/iptv-org/iptv/issues/1831
TLC.in,dmca,https://github.com/iptv-org/iptv/issues/1831
TLC.nl,dmca,https://github.com/iptv-org/iptv/issues/1831
TLC.no,dmca,https://github.com/iptv-org/iptv/issues/1831
TLC.nz,dmca,https://github.com/iptv-org/iptv/issues/1831
TLC.pl,dmca,https://github.com/iptv-org/iptv/issues/1831
TLC.pt,dmca,https://github.com/iptv-org/iptv/issues/1831
TLC.ro,dmca,https://github.com/iptv-org/iptv/issues/1831
TLC.ru,dmca,https://github.com/iptv-org/iptv/issues/1831
TLC.se,dmca,https://github.com/iptv-org/iptv/issues/1831
TLC.si,dmca,https://github.com/iptv-org/iptv/issues/1831
TLC.tr,dmca,https://github.com/iptv-org/iptv/issues/1831
TLC.tw,dmca,https://github.com/iptv-org/iptv/issues/1831
TLC.uk,dmca,https://github.com/iptv-org/iptv/issues/1831
TLC.us,dmca,https://github.com/iptv-org/iptv/issues/1831
TLCAfrica.us,dmca,https://github.com/iptv-org/iptv/issues/1831
TLCArabia.us,dmca,https://github.com/iptv-org/iptv/issues/1831
TLCBalkan.us,dmca,https://github.com/iptv-org/iptv/issues/1831
TLCLatinAmerica.us,dmca,https://github.com/iptv-org/iptv/issues/1831
TLCSoutheastAsia.sg,dmca,https://github.com/iptv-org/iptv/issues/1831
TNLive.cz,dmca,https://github.com/iptv-org/iptv/issues/28801
TNT.es,dmca,https://github.com/iptv-org/iptv/issues/16839
TNT.pl,dmca,https://github.com/iptv-org/iptv/issues/16839
TNT.us,dmca,https://github.com/iptv-org/iptv/issues/16839
TNTAfrica.uk,dmca,https://github.com/iptv-org/iptv/issues/16839
TNTLatinAmerica.us,dmca,https://github.com/iptv-org/iptv/issues/16839
TNTSeriesLatinAmerica.us,dmca,https://github.com/iptv-org/iptv/issues/16839
TNTSports.ar,dmca,https://github.com/iptv-org/iptv/issues/16839
TNTSports.br,dmca,https://github.com/iptv-org/iptv/issues/16839
TNTSports.cl,dmca,https://github.com/iptv-org/iptv/issues/16839
TNTSports.mx,dmca,https://github.com/iptv-org/iptv/issues/16839
TNTSports1.uk,dmca,https://github.com/iptv-org/iptv/issues/16839
TNTSports1.uk,dmca,https://github.com/iptv-org/iptv/issues/6973
TNTSports10.uk,dmca,https://github.com/iptv-org/iptv/issues/16839
TNTSports10.uk,dmca,https://github.com/iptv-org/iptv/issues/6973
TNTSports2.br,dmca,https://github.com/iptv-org/iptv/issues/16839
TNTSports2.cl,dmca,https://github.com/iptv-org/iptv/issues/16839
TNTSports2.uk,dmca,https://github.com/iptv-org/iptv/issues/16839
TNTSports2.uk,dmca,https://github.com/iptv-org/iptv/issues/6973
TNTSports3.br,dmca,https://github.com/iptv-org/iptv/issues/16839
TNTSports3.cl,dmca,https://github.com/iptv-org/iptv/issues/16839
TNTSports3.uk,dmca,https://github.com/iptv-org/iptv/issues/16839
TNTSports3.uk,dmca,https://github.com/iptv-org/iptv/issues/6973
TNTSports4.br,dmca,https://github.com/iptv-org/iptv/issues/16839
TNTSports4.uk,dmca,https://github.com/iptv-org/iptv/issues/16839
TNTSports4.uk,dmca,https://github.com/iptv-org/iptv/issues/6973
TNTSports5.br,dmca,https://github.com/iptv-org/iptv/issues/16839
TNTSports5.uk,dmca,https://github.com/iptv-org/iptv/issues/16839
TNTSports5.uk,dmca,https://github.com/iptv-org/iptv/issues/6973
TNTSports6.uk,dmca,https://github.com/iptv-org/iptv/issues/16839
TNTSports6.uk,dmca,https://github.com/iptv-org/iptv/issues/6973
TNTSports7.uk,dmca,https://github.com/iptv-org/iptv/issues/16839
TNTSports7.uk,dmca,https://github.com/iptv-org/iptv/issues/6973
TNTSports8.uk,dmca,https://github.com/iptv-org/iptv/issues/16839
TNTSports8.uk,dmca,https://github.com/iptv-org/iptv/issues/6973
TNTSports9.uk,dmca,https://github.com/iptv-org/iptv/issues/16839
TNTSports9.uk,dmca,https://github.com/iptv-org/iptv/issues/6973
TNTSportsBoxOffice.uk,dmca,https://github.com/iptv-org/iptv/issues/6973
TNTSportsBoxOffice2.uk,dmca,https://github.com/iptv-org/iptv/issues/6973
TNTSportsUltimate.uk,dmca,https://github.com/iptv-org/iptv/issues/6973
Tooncast.us,dmca,https://github.com/iptv-org/iptv/issues/16839
TravelChannel.au,dmca,https://github.com/iptv-org/iptv/issues/1831
TravelChannel.in,dmca,https://github.com/iptv-org/iptv/issues/1831
TravelChannel.pl,dmca,https://github.com/iptv-org/iptv/issues/1831
TravelChannel.us,dmca,https://github.com/iptv-org/iptv/issues/1831
TravelChannelAsia.sg,dmca,https://github.com/iptv-org/iptv/issues/1831
TravelChannelEMEA.uk,dmca,https://github.com/iptv-org/iptv/issues/1831
TreehouseTV.ca,dmca,https://github.com/iptv-org/iptv/pull/6329
TruePremierFootball1.th,dmca,https://github.com/iptv-org/iptv/issues/6973
TruePremierFootball2.th,dmca,https://github.com/iptv-org/iptv/issues/6973
TruePremierFootball3.th,dmca,https://github.com/iptv-org/iptv/issues/6973
TruePremierFootball4.th,dmca,https://github.com/iptv-org/iptv/issues/6973
TruePremierFootball5.th,dmca,https://github.com/iptv-org/iptv/issues/6973
TruePremierFootball6.th,dmca,https://github.com/iptv-org/iptv/issues/6973
TruePremierFootball7.th,dmca,https://github.com/iptv-org/iptv/issues/6973
TruePremierFootball8.th,dmca,https://github.com/iptv-org/iptv/issues/6973
truTV.br,dmca,https://github.com/iptv-org/iptv/issues/16839
truTV.us,dmca,https://github.com/iptv-org/iptv/issues/16839
truTVLatinAmerica.us,dmca,https://github.com/iptv-org/iptv/issues/16839
TSN1.mt,dmca,https://github.com/github/dmca/blob/master/2020/09/2020-09-16-dfl.md
TSN2.mt,dmca,https://github.com/github/dmca/blob/master/2020/09/2020-09-16-dfl.md
TSN3.mt,dmca,https://github.com/github/dmca/blob/master/2020/09/2020-09-16-dfl.md
TSN4.mt,dmca,https://github.com/github/dmca/blob/master/2020/09/2020-09-16-dfl.md
TSN5.mt,dmca,https://github.com/github/dmca/blob/master/2020/09/2020-09-16-dfl.md
TSN6.mt,dmca,https://github.com/github/dmca/blob/master/2020/09/2020-09-16-dfl.md
TSN7.mt,dmca,https://github.com/github/dmca/blob/master/2020/09/2020-09-16-dfl.md
TSN8.mt,dmca,https://github.com/github/dmca/blob/master/2020/09/2020-09-16-dfl.md
TTV.pl,dmca,https://github.com/iptv-org/iptv/issues/1831
TV3Sport.dk,dmca,https://github.com/github/dmca/blob/master/2020/09/2020-09-16-dfl.md
TV5.fi,dmca,https://github.com/iptv-org/iptv/issues/16839
TVJOJ.sk,dmca,https://github.com/iptv-org/iptv/issues/28801
TVN.pl,dmca,https://github.com/iptv-org/iptv/issues/1831
TVN24.pl,dmca,https://github.com/iptv-org/iptv/issues/1831
TVN24BiS.pl,dmca,https://github.com/iptv-org/iptv/issues/1831
TVN7.pl,dmca,https://github.com/iptv-org/iptv/issues/1831
TVNFabula.pl,dmca,https://github.com/iptv-org/iptv/issues/1831
TVNorge.no,dmca,https://github.com/iptv-org/iptv/issues/16839
TVNorge.no,dmca,https://github.com/iptv-org/iptv/issues/1831
TVNova.cz,dmca,https://github.com/iptv-org/iptv/issues/28801
TVNStyle.pl,dmca,https://github.com/iptv-org/iptv/issues/16839
TVNStyle.pl,dmca,https://github.com/iptv-org/iptv/issues/1831
TVNTurbo.pl,dmca,https://github.com/iptv-org/iptv/issues/16839
TVNTurbo.pl,dmca,https://github.com/iptv-org/iptv/issues/1831
TVVarzish.tj,dmca,https://github.com/github/dmca/blob/master/2020/09/2020-09-16-dfl.md
UdayaNews.in,dmca,https://github.com/iptv-org/iptv/issues/34901
VOX.no,dmca,https://github.com/iptv-org/iptv/issues/1831
VSport1.se,dmca,https://github.com/github/dmca/blob/master/2020/09/2020-09-16-dfl.md
VSportExtra.se,dmca,https://github.com/github/dmca/blob/master/2020/09/2020-09-16-dfl.md
VSportFootball.se,dmca,https://github.com/github/dmca/blob/master/2020/09/2020-09-16-dfl.md
VSportLive1.se,dmca,https://github.com/github/dmca/blob/master/2020/09/2020-09-16-dfl.md
VSportLive2.se,dmca,https://github.com/github/dmca/blob/master/2020/09/2020-09-16-dfl.md
VSportLive3.se,dmca,https://github.com/github/dmca/blob/master/2020/09/2020-09-16-dfl.md
VSportLive4.se,dmca,https://github.com/github/dmca/blob/master/2020/09/2020-09-16-dfl.md
VSportLive5.se,dmca,https://github.com/github/dmca/blob/master/2020/09/2020-09-16-dfl.md
VSportPremium.se,dmca,https://github.com/github/dmca/blob/master/2020/09/2020-09-16-dfl.md
VSportUltraHD.se,dmca,https://github.com/github/dmca/blob/master/2020/09/2020-09-16-dfl.md
W14DKD144.us,dmca,https://github.com/iptv-org/iptv/issues/9729
WarnerChannel.us,dmca,https://github.com/iptv-org/iptv/issues/16839
WarnerTV.es,dmca,https://github.com/iptv-org/iptv/issues/16839
WarnerTV.fr,dmca,https://github.com/iptv-org/iptv/issues/16839
WarnerTV.it,dmca,https://github.com/iptv-org/iptv/issues/16839
WarnerTV.ph,dmca,https://github.com/iptv-org/iptv/issues/16839
WarnerTV.pl,dmca,https://github.com/iptv-org/iptv/issues/16839
WarnerTV.ro,dmca,https://github.com/iptv-org/iptv/issues/16839
WarnerTVAsia.us,dmca,https://github.com/iptv-org/iptv/issues/16839
WarnerTVComedy.de,dmca,https://github.com/iptv-org/iptv/issues/16839
WarnerTVFilm.de,dmca,https://github.com/iptv-org/iptv/issues/16839
WarnerTVNext.fr,dmca,https://github.com/iptv-org/iptv/issues/16839
WarnerTVSerie.de,dmca,https://github.com/iptv-org/iptv/issues/16839
Xee.dk,dmca,https://github.com/github/dmca/blob/master/2020/09/2020-09-16-dfl.md
YTV.ca,dmca,https://github.com/iptv-org/iptv/pull/6329
